,0
0,VVKFMDVYQRSYCHPIETLVDIFQEYPDEIEYIFKPSCVPLMRCGGCCNDEGLECVPTEESNITMQIMRIKPHQGQHIGEMSFLQHNKCECRPK[SEP]EVVLAQCDKPLKPPNA[SEP]QVLLQCDCLLGTTLCHIYQHQLNADSCKCECGPQEEQHCGNQMIQLNQTTCKCECGPQEEQHCGNQMIQLNQTTCKCECGPQEEQHCGNQMIQLNQTTCKCECGPQEEQHCGNQMIQLNQTTCKCECGPQEEQHCGNQMIQLNQTTCKCECGPQEEQHCGNQMIQLNQTTCKCECGPQEEQHCGNQMIQLNQTTCKCECGPQEEQHCGNQMIQLNQTTCKCECGPQEEQHCGNQMIQ
1,VVKFMDVYQRSYCHPIETLVDIFQEYPDEIEYIFKPSCVPLMRCGGCCNDEGLECVPTEESNITMQIMRIKPHQGQHIGEMSFLQHNKCECRPK[SEP]EVVLAQCDKNLQTDLCCVCQCGDNPHQTIQTIEEEKCRCSCRSSNQEAEKKNETLTCRCSCMPRSQVVQAGCGRNQEMVLCCVCQCNDFENNTIQFMEKEKCRCSCRSSNQEAEKKNETLTCRCSCMPRSQVVQAGCGRNQEMVLCCVCQCNDFENNTIQFMEKEKCRCSCRSSNQEAEKKNETLTCRCSCMPRSQVVQAGCGRNQEMVLCCVCQCNDFENNTIQFMEKEKCRCSCRSSNQEAEKKNETLTCRC
2,VVKFMDVYQRSYCHPIETLVDIFQEYPDEIEYIFKPSCVPLMRCGGCCNDEGLECVPTEESNITMQIMRIKPHQGQHIGEMSFLQHNKCECRPK[SEP]EADLQECDKPLRLKDPETCKCQCKNLDQMVNCGKAKEWHPDDCKCECNDPNAERENCGKAFIWNEDLCKCECNHMNAERANCGKAFIWNEDLCKCECNHMNAERENCGKAFIWNEDLCKCECNNMNAERENCGKAFIWNEDLCKCECNNMNAERENCGKAFIWNEDLCKCECNNMNAERENCGKAFIWNEDLCKCECNNMNAERENCGKAFIWNEDLCKCECNNMNAERENCGKAFIWNEDLCKCECNNMNAER
3,VVKFMDVYQRSYCHPIETLVDIFQEYPDEIEYIFKPSCVPLMRCGGCCNDEGLECVPTEESNITMQIMRIKPHQGQHIGEMSFLQHNKCECRPK[SEP]EVVLAQCDKPRRVDPSTCNALQLQAPADCGKTCRKACQUEGYLRRQDPCACAEWFQEALRKQHSANSTHFNPQAEVFEFFTEDKTWGEKALQKAGIFGIIGFILGLPGLVLWGLHWKLRNQISGKDVKEPVLVQSGEELEVPFPEQDTFESPPEEKLEVPFLKEDTFETPPEEKLEVPFLKEDTFETPPEEKLEVPFLKEDTFETPPEEKLEVPFLKEDTFETPPEEKLEVPFLKEDTFETPPEEKLEVPFLKE
4,VVKFMDVYQRSYCHPIETLVDIFQEYPDEIEYIFKPSCVPLMRCGGCCNDEGLECVPTEESNITMQIMRIKPHQGQHIGEMSFLQHNKCECRPK[SEP]EADLQECDKPLRLNCECKESLKRRKQITTKIQEMKPQKGQLCGGDKLHLSDCGCCQTSCEDLQDSCVEGDGRIDENKCCRKGIHCKPDNGKILGKFEVFSG<|pad|>ECKWRKLNDETCKVQMERTDCGCSTYNSSRVVEKLHSQLDVNCGGKLKCSADRKCVPQDADSDEN[SEP]EVQLVESGGGLVQPGGSLRLSCAASGFTFRSFDMHWVRQAPGKGLEWVAAISAGGDTYYADSVKGRFTISRDNSKNTLYLQMNSLR
5,VVKFMDVYQRSYCHPIETLVDIFQEYPDEIEYIFKPSCVPLMRCGGCCNDEGLECVPTEESNITMQIMRIKPHQGQHIGEMSFLQHNKCECRPK[SEP]ERARQENCDKPRRCECQPLEDEAFKTCKCRCINLDKTALEKTAETCRCQCLNQSKKALMETDKQCKCGCTNTNKKAMMATAKKCLCECLNKSN[LC]QVVLETAKKCLCECLNKSNELVQLETAKKCLCECLNKSNELVQLETAKKCLCECLNKSNELVQLETAKKCLCECLNKSNELVQLETAKKCLCECLNKSNELVQLETAKKCLCECLNKSNELVQLETAKKCLCECLNKSNELVQLETAKKCLCECLNKSNE
6,VVKFMDVYQRSYCHPIETLVDIFQEYPDEIEYIFKPSCVPLMRCGGCCNDEGLECVPTEESNITMQIMRIKPHQGQHIGEMSFLQHNKCECRPK[SEP]EEVLANRCDKPRRATPL[SEP]EVQLVESGGGLVQPGGSLRLSCAASGFSFSTYDMHWVRQAPGKGLEWVSSISSAGDTYYPGSVKGRFTISRENAKNSLYLQMNSLRAGDTAVYYCARGTRSNWKVGNYFDYWGQGTLVTVSS[LC]DIVMTQSPSSLSASVGDRVTITCRASQSISSYLNWYQQKPGKAPKLLIYAASSLQSGVPSRFSGSGSGTDFTLTISSLQPEDFATYYCQQSYSTPYTFGQGTNLEIK<|pad|><|pad|>QIVL
7,VVKFMDVYQRSYCHPIETLVDIFQEYPDEIEYIFKPSCVPLMRCGGCCNDEGLECVPTEESNITMQIMRIKPHQGQHIGEMSFLQHNKCECRPK[SEP]ERGNQTCDKARKTTLVECKPLRGLGCQLSEDTYFSRESCKCELQGDKTNLVSQAVQKTVPQCGPAKNLGLNMEDCKCEQSSSSLFPVYPTWGQAQGEVQLQEEGAAVQLQEEGAAVQLQEEGAAVQLQEEGAAVQLQEEGAAVQLQEEGAAVQLQEEGAAVQLQEEGAAVQLQEEGAAVQLQEEGAAVQLQEEGAAVQLQEEGAAVQLQEEGAAVQLQEEGAAVQLQEEGAAVQLQEEGAAVQLQGEGAAVQLQ
8,VVKFMDVYQRSYCHPIETLVDIFQEYPDEIEYIFKPSCVPLMRCGGCCNDEGLECVPTEESNITMQIMRIKPHQGQHIGEMSFLQHNKCECRPK[SEP]ERGLQEAESCDKPLKLQGKDFQNCKUQCLNQARASQSGRCDCSLRNSDVIAITDASGSMKYNSKNCDNKMISWEEKYCSULNNDERADRCVQRQLKLDSHTKTVIFM[SEP]EVQLVQSGAEVKKPGESLKISCKGSGYSFTSYWIGWVRQMPGKGLEWMGIIYPGDSDTRYSPSFQGQVTISADKSISTAYLQWSSLKASDTAMYYCARGRNYYGTSYYPYAMDVWGQGTTVTVSS[LC]DIQMTQSPSSLSASVGDRVT
9,VVKFMDVYQRSYCHPIETLVDIFQEYPDEIEYIFKPSCVPLMRCGGCCNDEGLECVPTEESNITMQIMRIKPHQGQHIGEMSFLQHNKCECRPK[SEP]EVVLAQCDKNLQRTDITAVDKCKCECMERGERAVRVESCSCTLRTSQVNATKKVEQQLFCGASVNLAEECGCTSTNMTLKVKPLKFDKDVKFECGCFPTKIQVDKCGCSLSNSKVKATKEVKLVEIDCACTKLKSKRVKREMTVECGCFPTKAKLKTTVEVEEVYGDCKCGQIKVKVTKTVECGCNTKTMTKTVEIVEEIDGNCKCLPAKVKVTKKVKKVYGDCVCSEVKVTKEVVLVEIDCACKKLKSKRVKR
10,VVKFMDVYQRSYCHPIETLVDIFQEYPDEIEYIFKPSCVPLMRCGGCCNDEGLECVPTEESNITMQIMRIKPHQGQHIGEMSFLQHNKCECRPK[SEP]ERDRQENCDKPRRIIPRECGUKMQAKLVCGPGKISLQTPACKARKNGQGKRCVCEPHPDDDNSESGYHSIETLVDIFQEYPDEIEYIFKPSCVPLMRCGGCCNDEGLECVPTEESNITMQIMRIKPHQGQHIGEMSFLQHNKCECRPKAERV[SEP]EVQLVESGGGLVQPGGSLRLSCAASGFSFNSYSMHWVRQAPGKGLEWVASIYGYYGSTYYADSVKGRFTISRDNSKNTLYLQMNSLRAEDTAVYYCARGYN
11,VVKFMDVYQRSYCHPIETLVDIFQEYPDEIEYIFKPSCVPLMRCGGCCNDEGLECVPTEESNITMQIMRIKPHQGQHIGEMSFLQHNKCECRPK[SEP]EVVLAQCDKPRRPPNPNCEPCQERNDALFKKSKPILQGAPGCRKAKESYADNCTUQULNGDPSSNNKTWVXEAQCCKTTKITLKALGKPVQVQVQVQVQVQVQVQVQVQVQVQVQVQVQVQVQVQVQVQVQVQVQVQVQVQVQVEVQVEVQVEVEVEXVXVXVKLEGCGXGPPNPGSEVLMTTSYKLDCNCTNSBDBLNIBXDPGIPAGKLTKZCNETLIXGQCKCSAVNGZEXLVCXGIDYKGCVXTAVSVXL
12,VVKFMDVYQRSYCHPIETLVDIFQEYPDEIEYIFKPSCVPLMRCGGCCNDEGLECVPTEESNITMQIMRIKPHQGQHIGEMSFLQHNKCECRPK[SEP]EVVLAQCDKPRRRRGEPCDIALELRPITGKSPKTCQCETSANISEFGYCQQVERTLDTCKCENNKWVRCKERGAHLNIQCVQKMELVEVEGCKFCLYMTDKDHCVSTCNKPEVHCKPVEVLVDIFQEYPDEIEYIFKPSCVPLMRCGGCCNDEGLECVPTEESNITMQIMRIKPHQGQHIGEMSFLQHNKCECRPKAEVVLAQCDKPRRRRGEPCDIALELRPITGKSPKTCQCETSANISEFGYCQQVERTLD
13,VVKFMDVYQRSYCHPIETLVDIFQEYPDEIEYIFKPSCVPLMRCGGCCNDEGLECVPTEESNITMQIMRIKPHQGQHIGEMSFLQHNKCECRPK[SEP]EVVLAQCDKPRRATPAKCDFLQRSSPAACGPVQLVLPAHGRGKMELVPLSKQEYSSCKCQDHADTPHCVRQANNLNLDDCKCEFFSQEKECVRRMGGRLNLKACGKAADLLPEAQYSCKCSESPSRPMEQKFESCKPQINLGKCWCNEQDQKCVLKSSAPKMNKCPCSLVDKKKQEVQLVESGGGLVKPGGSLRLSCAASGFTISDYYINWIRQAPGKGLEWIAYISSSGTYIDYADSVKGRFTISRDNAKNSL
14,VVKFMDVYQRSYCHPIETLVDIFQEYPDEIEYIFKPSCVPLMRCGGCCNDEGLECVPTEESNITMQIMRIKPHQGQHIGEMSFLQHNKCECRPK[SEP]EVVLAQCDKHLETPNCCVSRELILDCKPSILSKIPRAGRCQVRLDDPEYSKYGNCKUAYKAEEDCCAKAGTRVDLKTGKPVKIQLQDGKCFCKQSQLEEKSGQCAINADKM[SEP]ECCKTKNYKLLCNQKTGKQVQIQLQDGECKCKQSQLEEKSGQCAINADKMEECCKTKNYKLLCNQKTGKQVQIQLQDGECKCKQSQLEEKSGQCAINADKMEECCKTKNYKLLCNQKTGKQVQIQLQDGECKCKQSQLEEKS
15,VVKFMDVYQRSYCHPIETLVDIFQEYPDEIEYIFKPSCVPLMRCGGCCNDEGLECVPTEESNITMQIMRIKPHQGQHIGEMSFLQHNKCECRPK[SEP]EVVLAQCDKPLKIDSPCGNILTIHSCFCKQQNRTVSHGSTTDCKEKIQLEDCGCTUTNSDTDPCKCSEKTKQLNLPCANTUKQASLSCGCTCKNGDVQNNCKCSKKTVSVNLVCKNKCEQGCGGGGGQVQLQQWCGUGNKTRTRTVL[LC]EVQLVESGGGVVQPGGSLRLSCAASGFTFSNYGMHWVRQAPGKGLEWVAFIRYDGDNKYYVDSVKGRFTISRDNSKNTLYLQMNSLRAEDTAVYYCAKDGGFYYYY
16,VVKFMDVYQRSYCHPIETLVDIFQEYPDEIEYIFKPSCVPLMRCGGCCNDEGLECVPTEESNITMQIMRIKPHQGQHIGEMSFLQHNKCECRPK[SEP]ERARQENCDKPRRKTPLCDLPPSLVPAETGTNWIPDDCVCQNLMESPNCGNPQFIDSNGKCKQCRYGEDPNSKNQADCCSKDGGGKVELVQVQLVQSGAEVKKPGASVKVSCKASGYTFTDYDINWVRQAPGQGLEWMGWISPFNGNTNYAQKFQDRVTMTTDTSTSTAYMELRSLRSDDTAVYYCARTGITYTYSYFYGMDVWGQGTTVTVSS[LC]EIVLTQSPATLSLSPGERATLSCRASQSVSSYLAWYQQK
17,VVKFMDVYQRSYCHPIETLVDIFQEYPDEIEYIFKPSCVPLMRCGGCCNDEGLECVPTEESNITMQIMRIKPHQGQHIGEMSFLQHNKCECRPK[SEP]EVVLAQCDKPLEKTEQKCGPVKLINPETCSCSUQNSSLRVIVTNARTCKKKMEANMCDLDGPQIPNSCVCMCKDGDHRASVQITWLQKCQKKTVAVDPLVCKCSCKNGSHRATVQITWLQKCQKEAKMETQLVQSGAEVKKPGESLKISCKGSGYTFTNYGIGWVRQAPGQGLEWMGWISPDNGGTKYAQKFQGRVTMTTDTSTSTVYMELRSLRSDDTAVYYCARTSDFWSGYYPPYNWFDPWGQGTLVTVSS
18,VVKFMDVYQRSYCHPIETLVDIFQEYPDEIEYIFKPSCVPLMRCGGCCNDEGLECVPTEESNITMQIMRIKPHQGQHIGEMSFLQHNKCECRPK[SEP]EVVLAQCDKPLKLNSPTTCESKRMAIRGNNLCKARQMECEPMTSFPLERGGVVCKERARLNEDEEACKAKMKGIGGKGGKGGKVVQGKPTQAPTCEEKCTRKFLHDMISGK[SEP]EVKLQCRUGTSLDPHTRQWNEEHCKKMGKVVQACGULTTKKDMESRGKIVDSKCGKGEKFVKTKEKLEGPCKLKDSGCDSAAHMPLANGKKEGTCQVKDGQPINYGETKFKCDCSPSDPNSMLKMEKVQLKIQCDKAGPKGT
19,VVKFMDVYQRSYCHPIETLVDIFQEYPDEIEYIFKPSCVPLMRCGGCCNDEGLECVPTEESNITMQIMRIKPHQGQHIGEMSFLQHNKCECRPK[SEP]EQARAATCDKPRR2<|eos|>
20,VVKFMDVYQRSYCHPIETLVDIFQEYPDEIEYIFKPSCVPLMRCGGCCNDEGLECVPTEESNITMQIMRIKPHQGQHIGEMSFLQHNKCECRPK[SEP]EQVRQENCDKPLKFSPNTDTSLCRCECGLRADDCSKRNFLDPKNCKKAVRVSVGEVEGEIEVVLQNEDISLHFSKGDIKTHGKLNGMKVGHSFLFTCEHSNKDEEICFRVNASKNGNWIGVSSAHYGNNGEVKKFGESLDLKISGVKIPDNCNCICTKPSSRCLQKGAVQNNKCGQSTCKSTYKTGEVTVTSDGKCTCKPMPDDPNAKCDNKGAKMNCNUMCTNPQSTCKTKGAILNKKCGQSTCKSQERIGEV
21,VVKFMDVYQRSYCHPIETLVDIFQEYPDEIEYIFKPSCVPLMRCGGCCNDEGLECVPTEESNITMQIMRIKPHQGQHIGEMSFLQHNKCECRPK[SEP]ERARQATCDKPRRETCDCQPKILSLREKTPLECKKRKKDRIGKAAPVSLGEVQLVESGGGLVQPGGSLRLSCAASGFTFSSYGMHWVRQAPGKGLEWVAYIYPSIGYTDYADSVKGRFTISADTSKNTAYLQMNSLRAEDTAVYYCARGDGFNYALDYWGQGTLVTVSS[LC]DIQMTQSPSSLSASVGDRVTITCRASQSVSSAVAWYQQKPGKAPKLLIYSASSLYSGVPSRFSGSRSGTDFTLTISSLQPEDFA
22,VVKFMDVYQRSYCHPIETLVDIFQEYPDEIEYIFKPSCVPLMRCGGCCNDEGLECVPTEESNITMQIMRIKPHQGQHIGEMSFLQHNKCECRPK[SEP]EVVLAQCDKPRRKSAQNCDVRLELAEGDGKTQTIKIKKGETCKISIQLPAADTATCQCAKTNGKRVAGPDCDKKTEAAGKUEUTPGLELVDGKCVQKSAEEKD[SEP]EVQLLESGGGLVQPGGSLRLSCAASGFTFSSFDMSWVRQAPGKGLEWVSTISGSGGYTYYADSVKGRFTISRDNSKNTLYLQMNSLRAEDTAVYYCARYGYPHYFDYWGQGTLVTVSS[LC]DIQMTQSPSSLSASVGDRVTITCRASQSVSS
23,VVKFMDVYQRSYCHPIETLVDIFQEYPDEIEYIFKPSCVPLMRCGGCCNDEGLECVPTEESNITMQIMRIKPHQGQHIGEMSFLQHNKCECRPK[SEP]EVVLAQCDKPLQLKHPDTCDNLQKARPCECQSQANMVLESATHTHRIATAKCKGMVREVDLQCEQPRRIRDENTCKCASSPCEQHSKQSDANGCKRKMRSGECVCKPGYVPVDNSCKPNT[SEP]ENEVQLVESGGGLVQPGGSLRLSCAASGFTFSNHWMHWVRQAPGKGLEWVGLIHPAGGGTSYAASVKGRFTISRDTSKNTVYLQMNSLRAEDTAVYYCARYAYPYWYFDVWGQGTTVTVSS[LC]DIQMTQSPSSL
24,VVKFMDVYQRSYCHPIETLVDIFQEYPDEIEYIFKPSCVPLMRCGGCCNDEGLECVPTEESNITMQIMRIKPHQGQHIGEMSFLQHNKCECRPK[SEP]ERGKQENCDKPRRTTPLCGNLGHQCGCCQDSGLECKPTEHKTVKIHVLHCEDLGKPRLMWGGKTSEERRNMKSEQFSFDNCKCAKIADLS[SEP]EVQLVESGGGLVQPGGSLRLSCAASGFTINKFSMHWVRQAPGKGLEWVASIYSSGGLTYYADSVKGRFTISADTSKNTAYLQMNSLRAEDTAVYYCARGAYYYSRMDYWGQGTLVTVSS[LC]DIQMTQSPSSLSASVGDRVTITCRASQSVSSAVAWYQQKPGKA
25,VVKFMDVYQRSYCHPIETLVDIFQEYPDEIEYIFKPSCVPLMRCGGCCNDEGLECVPTEESNITMQIMRIKPHQGQHIGEMSFLQHNKCECRPK[SEP]ERDRQENCDKPRRNLDLELVESSRCVCQTRPQVMFCGPEAEMRPLNQAAPGPGGEVTLVESGGGLVQPGGSLRLSCAASGFSISSYGVHWVRQAPGKGLEWVAFISHGGDYKYYADSVKGRFTISRDNSKNTLYLQMNSLRAEDTAVYYCARRPSYGFSWFDPWGQGTLVTVSS[LC]DIQMTQSPSSLSASVGDRVTITCRASQSVSDDVNWYQQKPGKAPKRLIYAASSLQSGVPSRFSGSGSGTEFTLTISSLQ
26,VVKFMDVYQRSYCHPIETLVDIFQEYPDEIEYIFKPSCVPLMRCGGCCNDEGLECVPTEESNITMQIMRIKPHQGQHIGEMSFLQHNKCECRPK[SEP]EVVLAQCDURTQRKIVNCGEVQRILLQTCGERRKLKPGQVQFVHDCRCAMRSGEPACVCREQALRNSLQSCAQKMMLMGNGCVCQEREEVVQACCCGGDPDKMKEMIQKTQGKPLQLDSCVUFU[SEP]ERSRRVTCCCQGSSSDLREVVQTTQGEPLQKDQCVCLERSRRVTCCCQGSSSDLREVVQTTQGEPLQKDQCVCLERSRRVTCCCQGSSSDLREVVQTTQGEPLQKDQCVCLERSRRVTCCCQGSSSDLR
27,VVKFMDVYQRSYCHPIETLVDIFQEYPDEIEYIFKPSCVPLMRCGGCCNDEGLECVPTEESNITMQIMRIKPHQGQHIGEMSFLQHNKCECRPK[SEP]EVVLAQCDUHSQTDLPLCLRCSCRGGERMNVTTTTTTTTTTTTPTTPAEVQLVESGGGVVQPGGSLRLSCAASGFIFKSYGMHWVRQAPGKGLEWVAVIWYDGSNKYYADSVKGRFTISRDNSKNTLYLQMNSLRAEDTAVYYCARDPLYAYTDFEPYGMDVWGQGTTVTVSS[LC]DIVMTQSPSSLSASVGDRVTITCRASQYISNYLNWYQQKPGKAPKLLIYAASSLQSGVPSRFSGSGSGTDFTLTISSLQP
28,VVKFMDVYQRSYCHPIETLVDIFQEYPDEIEYIFKPSCVPLMRCGGCCNDEGLECVPTEESNITMQIMRIKPHQGQHIGEMSFLQHNKCECRPK[SEP]ERDRQENCDKPRRATPQ[SEP]QVQLVESGGGVVQPGRSLRLSCAASGFTFSSYGMHWVRQAPGKGLEWVAVIWYDGSNKYYADSVKGRFTISRDNSKNTLYLQMNSLRAEDTAVYYCARDPPAGFLIQPSHWADYWGQGTLVTVSS[LC]DIQMTQSPSSLSASVGDRVTITCRASQGISNYLAWYQQKPGKVPKLLIYAASTLQSGVPSRFSGSGSGTDFTLTISSLQPEDVATYYCQKYNSAPRTFGQGTKVEIK<|pad|>EI
29,VVKFMDVYQRSYCHPIETLVDIFQEYPDEIEYIFKPSCVPLMRCGGCCNDEGLECVPTEESNITMQIMRIKPHQGQHIGEMSFLQHNKCECRPK[SEP]EVVLAQCDKPRRRKAAKCECDQSSNLVCGPQGKTFRRISSTCKCECLDSDNRAVCGERGRMMATGCKCECPDDPKEINCGCGETITKVNCKEKGKMMAKGCKCECPEGKEVVNCGCGETIKKVNCKEKGKMMAKGCKCECPEGKEVVNCGCGETIKKVNCKEKGKMMAKGCKCECPEGKEVVNCGCGETIKKVNCKEKGKMMAKGCKCECPEGKEVVNCGCGETIKKVNCKEKGKMMAKGCKCECPEGKEVVNC
30,VVKFMDVYQRSYCHPIETLVDIFQEYPDEIEYIFKPSCVPLMRCGGCCNDEGLECVPTEESNITMQIMRIKPHQGQHIGEMSFLQHNKCECRPK[SEP]ERGKQENCDKPRR[SEP]EPVQLVLQLVPMRNLGNWGGGQCACRERAESVYCGSSRWLGPRGQGHVSMTCPVGTVYISHHNTCAAVDLGEDGQPVITDPNGHSLPIPPGASYLLPPGAILVNGVRYPYNPNCVLSASDCSKAGWTISVQTDNGKTKILRSGPLSSCGCVPCYQSSQCEASMWKDTSTSCLCANNKAAAFQNNV[SEP]QVQLQESGPGLVKPSETLSLTCSVSGFSLSGFSWNWVRQPPGKGLEWIGYLYSS
31,VVKFMDVYQRSYCHPIETLVDIFQEYPDEIEYIFKPSCVPLMRCGGCCNDEGLECVPTEESNITMQIMRIKPHQGQHIGEMSFLQHNKCECRPK[SEP]EVVLAQCDUHLRTKHIFCGERNLILPRAEGAELQLVDKETGKCGUGLNSTMADVTSSYEAACKQRKAKDGRAVHLLAEALGMECVEKRGEGEGEEVEVQLVESGGGLVQPGGSLRLSCAASGFNLYYSSMHWVRQAPGKGLEWVASIYSYSGYTYYADSVKGRFTISADTSKNTAYLQMNSLRAEDTAVYYCARHSHSYAYAYAYGAMDYWGQGTLVTVSS[LC]DIQMTQSPSSLSASVGDRVTITCRASQSVSSA
32,VVKFMDVYQRSYCHPIETLVDIFQEYPDEIEYIFKPSCVPLMRCGGCCNDEGLECVPTEESNITMQIMRIKPHQGQHIGEMSFLQHNKCECRPK[SEP]EVVLAQCDKHLQTTDFCGPDLELRSIPACECAYRKQHTINNKTYNIHQINCKQKVKPVECGCVYETFKCVERAFQLVGNKCKVDSEVTEECGCCSTCNGKRHQVCSETDGTEFRGIQCKCTYGKKRTSDGKCVPETECKPYGDKTKNSN[SEP]QLVGGSPCAPGEVLLESCGCCQTCALRRSEVCASSGRTRCRKIQCEKDERDAAEG[SEP]EVQLVESGGGLVQPGGSLRLSCAASGFTFTKYWMSWVRQAPGKGLEWV
33,VVKFMDVYQRSYCHPIETLVDIFQEYPDEIEYIFKPSCVPLMRCGGCCNDEGLECVPTEESNITMQIMRIKPHQGQHIGEMSFLQHNKCECRPK[SEP]ERDRQENCDKPRRXDLQLVESGGGLVQPGGSLRLSCAASGFTISSYWIHWVRQAPGKGLEWVASIYPFYTYTNYADSVKGRFTISADTSKNTAYLQMNSLRAEDTAVYYCARGHDLYSYAMDYWGQGTLVTVSS[LC]DIQMTQSPSSLSASVGDRVTITCRASQSVSSAVAWYQQKPGKAPKLLIYSASSLYSGVPSRFSGSRSGTDFTLTISSLQPEDFATYYCQQDREGSMITFGQGTKVEIK<|pad|>EVVLLESGGG
34,VVKFMDVYQRSYCHPIETLVDIFQEYPDEIEYIFKPSCVPLMRCGGCCNDEGLECVPTEESNITMQIMRIKPHQGQHIGEMSFLQHNKCECRPK[SEP]EVVLAQCDKPRRPNPDCDQLRIINSDTCKCTTDPSSMFCGRSKTFPNEQACKDHLVLGEDKKCKLKQSNGHSIDTFYMYNDVQCMCINKDQNYACASKAQEMNSKCKQLQLLNEDTCGLKTLSTGQNMYSFFNTWISAADKKENPVQVAAPGCVSVEKCSADCMKNWGTDACGWNGGACTVTITPKGPNGKLEGGIVTRFGKCEELKNKYDGQCACTKGDPSNKNKCAKFAGQVNLKCDELRKEGEECGCSTSS
35,VVKFMDVYQRSYCHPIETLVDIFQEYPDEIEYIFKPSCVPLMRCGGCCNDEGLECVPTEESNITMQIMRIKPHQGQHIGEMSFLQHNKCECRPK[SEP]ERGRQESCDKPRRETPQ<|pad|>EVQLVESGGGLVQPGGSLRLSCAASGFTFSNYWMSWVRQAPGKGLEWVANIKADGSEKYYVDSVKGRFTISRDNAKNSLYLQMNSLRAEDTAVYYCARDYDFWSGYSPERPFDYWGQGTLVTVSS[LC]DIQMTQSPSTLSASVGDRVTITCRASQSISSWLAWYQQKPGKAPKVLIYKASSLESGVPSRFSGSGSGTEFTLTISSLQPDDFATYYCQQYNSYSYTFGQGTKLEIK<|pad|>QP
36,VVKFMDVYQRSYCHPIETLVDIFQEYPDEIEYIFKPSCVPLMRCGGCCNDEGLECVPTEESNITMQIMRIKPHQGQHIGEMSFLQHNKCECRPK[SEP]EVVLAQCDKHLVTTENCGPVCKKAILRRSTDLVYETGADFCKCCLPMEYHHMTINMDCKDTYVTYMCQNTIIEPDGEESKETKEKALVGIVTHRVEYRQGECMCKSKRNETLKQSAQLITLHCARTLKESYKFMGTQVQLVQSGAEVKKPGASVKVSCKASGYTFTNYYMHWVRQAPGQGLEWMGIINPSGGGTSYAQKFQGRVTMTRDTSTSTVYMELSSLRSEDTAVYYCARGGSRDYFDFWGQGTLVTVSS
37,VVKFMDVYQRSYCHPIETLVDIFQEYPDEIEYIFKPSCVPLMRCGGCCNDEGLECVPTEESNITMQIMRIKPHQGQHIGEMSFLQHNKCECRPK[SEP]EVVLAQCDKPRRAKPATCEAACQPVNPRINEESESCKCSDPNHLFPVTCGPRCRGVNLDKPITCGCGENSIEETVTCGPQCSKRKFRKSWRSAEEINSENCSEKMILVEPDRCAFKKFVNKDNNDKNTVTFVGEPINIKVHLVCVCGENQKQVEVLYNGEKAALLDNLEGSQSEEKFEINYKKSGISFTINAAAAASGGASGASGSAQLLLRKTGNKWTWTLDNVGDGYSRDFGKNEESGEEKTFTFKENGVVT
38,VVKFMDVYQRSYCHPIETLVDIFQEYPDEIEYIFKPSCVPLMRCGGCCNDEGLECVPTEESNITMQIMRIKPHQGQHIGEMSFLQHNKCECRPK[SEP]ERGRAERCDKPRRATPA[SEP]EVQLVESGGGLVQPGGSLRLSCAASGFSFSSYDMHWVRQAPGKGLEWVSGIDTSGGTTYYADSVKGRFTISRDNSKNTLYLQMNSLRAEDTAVYYCARSWSKYFYYMDVWGKGTTVTVSS[LC]DIQMTQSPSSLSASVGDRVTITCRASQSISSYLNWYQQKPGKAPKLLIYAASSLQSGVPSRFSGSGSGTDFTLTISSLQPEDFATYYCQQSYNTPRTFGQGTKVEIK<|pad|>EIVLVES
39,VVKFMDVYQRSYCHPIETLVDIFQEYPDEIEYIFKPSCVPLMRCGGCCNDEGLECVPTEESNITMQIMRIKPHQGQHIGEMSFLQHNKCECRPK[SEP]EVVLAQCDKPLKKTDVKCGECLCRDDFQCVARASTLSIGKCRCEPCLQDQLMENGTCVPK[SEP]EVHCRAMEKDKGEGEEVQLVESGGGLVQPGGSLRLSCAASGFDINSYGMHWVRQAPGKGLEWVAVIWYDGNKYYADSVKGRFTISRDNSKNTLYLQMNSLRAEDTAVYYCAREASYCSSSTCYTDAFDIWGQGTMVTVSS[LC]DIVMTQSPSTLSASVGDRVTITCRASQNINSYLAWYQQKPGKAPKLLIYKAS
