antigen,HC,LC
KVFGRCELAAAMKRHGLDNYRGYSLGNWVCAAKFESNFNTQATNRNTDGSTDYGILQINSRWWCNDGRTPGSRNLCNIPCSALLSSDITASVNCAKKIVSDGNGMNAWVAWRNRCKGTDVQAWIRGCRL,EVQLVESGGGLVQPGGSLRLSCAASGFTFSRYEMNWVRQAPGKGLEWVSYITTSGNPIYYADSVKGRFTISRDNAKNSLYLQMNSLRAEDTAVYYCAREGLPGYSYFDYWGQGTLVTVSS,DIQMTQSPSSLSASVGDRVTITCRASQNIYNYLNWYQQKPGKAPKLLIYAASSLQSGVPSRFSGSGSGTDFTLTISSLQPEDFATYYCQQSFSAPPTFGQGTKLEIK<|pad|>QVQLVESGGGLVQPGGSLRLSCAAS
KVFGRCELAAAMKRHGLDNYRGYSLGNWVCAAKFESNFNTQATNRNTDGSTDYGILQINSRWWCNDGRTPGSRNLCNIPCSALLSSDITASVNCAKKIVSDGNGMNAWVAWRNRCKGTDVQAWIRGCRL,EVQLVESGGGLVKPGGSLRLSCAASGFTFSSYSMNWVRQAPGKGLEWVSSISVSGSYIYYADSVKGRFTISRDNAKNSLYLQMNSLRAEDTAVYYCAREYGDYYFDYWGQGTLVTVSS,EIVLTQSPGTLSLSPGERATLSCRASQSVSSSYLAWYQQKPGQAPRLLIYGASSRATGIPDRFSGSGSGTDFTLTISRLEPEDFAVYYCQQYGSSPPYTFGQGTKLEIK<|pad|>EVTLTQSPGTLSLSPGERATLSCRA
KVFGRCELAAAMKRHGLDNYRGYSLGNWVCAAKFESNFNTQATNRNTDGSTDYGILQINSRWWCNDGRTPGSRNLCNIPCSALLSSDITASVNCAKKIVSDGNGMNAWVAWRNRCKGTDVQAWIRGCRL,EVQLVESGGGLVKPGGSLRLSCAASGFTFSSYSMNWVRQAPGKGLEWVSSISVSSSYIYYADSVKGRFTISRDNAKNSLYLQMNSLRAEDTAVYYCARGGGGGGMDVWGQGTTVTVSS,EIVMTQSPATLSVSPGERATLSCRASQSVSSNLAWYQQKPGQAPRLLIYGASTRATGIPARFSGSGSGTEFTLTISSLQSEDFAVYYCQQYNNWPPTFGQGTKLEIK<|pad|>QVKLEESGGGLVKPGGSLRLSCAASGF
KVFGRCELAAAMKRHGLDNYRGYSLGNWVCAAKFESNFNTQATNRNTDGSTDYGILQINSRWWCNDGRTPGSRNLCNIPCSALLSSDITASVNCAKKIVSDGNGMNAWVAWRNRCKGTDVQAWIRGCRL,QVQLVESGGGVVQPGRSLRLSCAASGFTFSRYDMHWVRQAPGKGLEWVAVISSDGSDEYYGDSVKGRFTISRDNSKNTLYLQMNSLRAEDTAVYYCAREDYSSPMGYFDLWGRGTLVTVSS,DIQMTQSPSSLSASVGDRVTITCRASQSISSFLNWYQQKPGKAPKLLISAASSLQSGVPSRFSGSGSGTDFTLTISSLQPEDFATYYCQQSYSAPYTFGQGTKLEIK<|pad|><|pad|>QIVLTQSPGTLSLSPGERATLSC
KVFGRCELAAAMKRHGLDNYRGYSLGNWVCAAKFESNFNTQATNRNTDGSTDYGILQINSRWWCNDGRTPGSRNLCNIPCSALLSSDITASVNCAKKIVSDGNGMNAWVAWRNRCKGTDVQAWIRGCRL,QVQLVESGGGLVQPGGSLRLSCAASGFTFSNYWMNWVRQAPGKGLEWVANIKQDGSEKYYVDSVKGRFTISRDNAKNSLYLQMNSLRAEDTAVYYCARDLFHSGGYPFDYWGQGTLVTVSS,SYELTQPPSVSVSPGQTARITCSGDVLTSQNVCWYQQKPGQAPVLVVYKDTERPSGIPERFSGSSSGTTVTLTISGVQAEDEADYYCQSPDSSHNYVFGTGTKVTVL<|pad|>ELQLLESGGGLVQPGGSLRLSCAA
KVFGRCELAAAMKRHGLDNYRGYSLGNWVCAAKFESNFNTQATNRNTDGSTDYGILQINSRWWCNDGRTPGSRNLCNIPCSALLSSDITASVNCAKKIVSDGNGMNAWVAWRNRCKGTDVQAWIRGCRL,EVQLVESGGGLVKPGGSLRLSCAASGFTFSSYSMNWVRQAPGKGLEWVSSISSSSSYIYYADSVKGRFTISRDNAKNSLYLQMNSLRAEDTAVYYCARESAYRLGELSILGGAFDIWGQGTMVTVSS,EIVLTQSPATLSLSPGERATLSCRASQSVSSYLAWYQQKPGQAPRLLIYDASNRATGIPARFSGSGSGTDFTLTISSLEPEDFAVYYCQQRSNWPPGTFGQGTKVEIK<|pad|>QVQLVESGGGLVKPGGS
KVFGRCELAAAMKRHGLDNYRGYSLGNWVCAAKFESNFNTQATNRNTDGSTDYGILQINSRWWCNDGRTPGSRNLCNIPCSALLSSDITASVNCAKKIVSDGNGMNAWVAWRNRCKGTDVQAWIRGCRL,QVQLVESGGGVVQPGRSLRLSCAASGFTFSTYGMHWVRQAPGKGLEWVAVISYDGSNKYYADSVKGRFTISRDNSKNTLYLQMNSLRAEDTAVYYCARDKKQGYCSSTSCYADYYFDYWGQGTLVTVSS,SYELTQPPSVSVSPGQTARITCSGDALPKQYAYWYQQKPGQAPVLVIYKDSERPSGIPERFSGSSSGTTVTLTISGVQAEDEADYYCQSADSSGPSYVFGTGTKVTVL<|pad|>QSVLTQPPSVSGAPG
KVFGRCELAAAMKRHGLDNYRGYSLGNWVCAAKFESNFNTQATNRNTDGSTDYGILQINSRWWCNDGRTPGSRNLCNIPCSALLSSDITASVNCAKKIVSDGNGMNAWVAWRNRCKGTDVQAWIRGCRL,QVQLQESGPGLVKPSETLSLTCTVSGGSISSYYWSWIRQPPGKGLEWIGYIYYSGSTNYNPSLKSRVTISVDTSKNQFSLKLSSVTAADTAVYYCARHFGYSYGYFDYWGQGTLVTVSS,DIQMTQSPSSLSASVGDRVTITCQASQDIRNYLNWYQQKPGKAPKLLIYDASNLETGVPSRFSGSGSGTDFTFTISSLQPEDIATYYCQQYDNLPITFGQGTRLEIK<|pad|>QVQLQESGPGLVKPSETLSLTCTVSG
KVFGRCELAAAMKRHGLDNYRGYSLGNWVCAAKFESNFNTQATNRNTDGSTDYGILQINSRWWCNDGRTPGSRNLCNIPCSALLSSDITASVNCAKKIVSDGNGMNAWVAWRNRCKGTDVQAWIRGCRL,QVQLQESGPGLVKPSQTLSLTCTVSGGSIRSGGFYWSWIRQHPGKGLEWIGYISYSGSTHYNPSLKSRVTISVDTSKNQFSLKLSSVTAADTAVYYCARERGGDYYDSNGFSDDAFDIWGQGTMVTVSS,DIVMTQSPDSLAVSLGERATINCKSSQSVLYSSNNKNYLAWYQQKPGQPPKLLIYWASTRESGVPDRFSGSGSGTDFTLTISSLQAEDVAVYYCQQYYNTPRTFGQGTKVEIK<|pad|>QVQLVQSGAE
KVFGRCELAAAMKRHGLDNYRGYSLGNWVCAAKFESNFNTQATNRNTDGSTDYGILQINSRWWCNDGRTPGSRNLCNIPCSALLSSDITASVNCAKKIVSDGNGMNAWVAWRNRCKGTDVQAWIRGCRL,EVQLVESGGGLVQPGGSLRLSCAASGFTFSRYWMSWVRQAPGKGLEWVANINQDGGEKYYVDSVKGRFTISRDNAKNSLYLQMNSLRAEDTAVYYCARVEGWFGELLPPYGMDVWGQGTTVTVSS,DIVMTQSPSSLSASVGDRVTITCRASQGIRNDLGWYQQKPGKAPKRLIYAASSLQSGVPSRFSGSGSGTEFTLTISSLQPEDFATYYCLQHNSYPYTFGQGTKLEIK<|pad|>EIVMTQSPSSLSASVGDRVT
KVFGRCELAAAMKRHGLDNYRGYSLGNWVCAAKFESNFNTQATNRNTDGSTDYGILQINSRWWCNDGRTPGSRNLCNIPCSALLSSDITASVNCAKKIVSDGNGMNAWVAWRNRCKGTDVQAWIRGCRL,EVQLVESGGGLVKPGGSLRLSCAASGFTFSSYSMNWVRQAPGKGLEWVSSISSSSSYIYYADSVKGRFTISRDNAKTSLYLQMNSLRAEDTAVYYCAREGRPDSSGLFYPYYYYGMDVWGQGTTVTVSS,QSALTQPASVSGSPGQSITISCTGTSSDVGGYNYVSWYQQHPGKAPKLMIYDVSKRPSGVSNRFSGSKSGNTASLTISGLQAEDEADYYCSSLTSSSTYVFGTGTKVTVL<|pad|>QVQLVQSGGGLVQ
KVFGRCELAAAMKRHGLDNYRGYSLGNWVCAAKFESNFNTQATNRNTDGSTDYGILQINSRWWCNDGRTPGSRNLCNIPCSALLSSDITASVNCAKKIVSDGNGMNAWVAWRNRCKGTDVQAWIRGCRL,QVQLVESGGGLVQPGGSLRLSCAASGFTFSSYAMSWVRQAPGKGLEWVSGISGSGGSTYYADSVKGRFTISRDNSKNTLYLQMNSLRAEDTAVYYCAKELELEFGDYVFSHYYYMDVWGKGTTVTVSS,DIQMTQSPSSVSASVGDRVTITCRASQGISSWLAWYQQKPGKAPKLLIYAASSLQSGVPSRFSGSGSGTDFTLTISSLQPEDFATYYCQQGNSFPITFGQGTRLEIK<|pad|><|pad|>EIVLTQSPGTLSLSPG
KVFGRCELAAAMKRHGLDNYRGYSLGNWVCAAKFESNFNTQATNRNTDGSTDYGILQINSRWWCNDGRTPGSRNLCNIPCSALLSSDITASVNCAKKIVSDGNGMNAWVAWRNRCKGTDVQAWIRGCRL,QVQLQESGPGLVKPSETLSLTCTVSGGSIRGYYWSWIRQPPGKGLEWIGYIYYSGSTDYNPSLKSRVTISVDTSKNQFSLKLSSVTAADTAVYYCATSGGDDGDEDYWGQGTLVTVSS,QSVLTQPPSASGTPGQRVTISCSGSSSNIGSNTVNWYQQLPGTAPKLLIYSNNQRPSGVPDRFSGSKSGTSASLAISGLQSEDEADYYCAAWDDSLNGWVFGGGTKLTVL<|pad|>QPPSASGTPGQRVTISCSGSSSNI
KVFGRCELAAAMKRHGLDNYRGYSLGNWVCAAKFESNFNTQATNRNTDGSTDYGILQINSRWWCNDGRTPGSRNLCNIPCSALLSSDITASVNCAKKIVSDGNGMNAWVAWRNRCKGTDVQAWIRGCRL,EVQLQESGPGLVKPSETLSLTCTVSGDSISSYYWSWIRQPPGKGLEWIGYIHYSGSTNYNPSLKSRVTISVDTSKNRFSLKLSSVTAADTAVYYCARDLGTAGDGEMFYYYGMDVWGQGTLVTVSS,DIVMTQSPLSLPVTPGEPASISCRSSQSLLHSNGYNYLDWYLQKPGQSPQLLIYLGSNRASGVPDRFSGSGSGTDFTLKISRVEAEDVGVYYCMQALQTPGFGQGTRLEIK<|pad|><|pad|>EIEMTQSPLSLPVT
KVFGRCELAAAMKRHGLDNYRGYSLGNWVCAAKFESNFNTQATNRNTDGSTDYGILQINSRWWCNDGRTPGSRNLCNIPCSALLSSDITASVNCAKKIVSDGNGMNAWVAWRNRCKGTDVQAWIRGCRL,EVQLVESGGGLVKPGGSLRLSCAASGFTFSRYSMNWVRQAPGKGLEWVSSISSSSSYIYYADSVKGRFTISRDNAENSLYLQMNSLRAEDTAVYYCAREYRLGGRPDYWGQGTLVTVSS,DIVMTQSPATLSVSPGERATLSCRASQSVSSNLAWYQQKPGQAPRLLIYGASTRATGIPARFSGSGSGTEFTLTISSLQSEDFAVYYCQQYNNWPSYTFGQGTKLEIK<|pad|><|pad|>DIVMTQSPATLSVSPGERATLSCR
KVFGRCELAAAMKRHGLDNYRGYSLGNWVCAAKFESNFNTQATNRNTDGSTDYGILQINSRWWCNDGRTPGSRNLCNIPCSALLSSDITASVNCAKKIVSDGNGMNAWVAWRNRCKGTDVQAWIRGCRL,QVQLVESGGGVVQPGRSLRLSCAASGFIFSTYGMHWVRQAPGKGLEWVAVISYDGSDKYYVDSVKGRFTISRDNSKKTLYLQMNSLRPEDTAVYYCAKDSRWSWIGELDYWGQGTLVTVSS,DIQMTQSPSSLSASVGDRVTITCQASQDIRNHLNWYQQKPGKAPKLLIYDASNLETGVPSRFSGSGSGTDFTFTISSLQPEDIATYYCQQYDNLPRTFGQGTKLEIK<|pad|>EVQLVESGGGVVQPGRSLRLSCAA
KVFGRCELAAAMKRHGLDNYRGYSLGNWVCAAKFESNFNTQATNRNTDGSTDYGILQINSRWWCNDGRTPGSRNLCNIPCSALLSSDITASVNCAKKIVSDGNGMNAWVAWRNRCKGTDVQAWIRGCRL,QVQLVESGGGLVQPGGSLRLSCSASGFTFSNYAMHWVRQAPGKGLEYVSAISSNGGSTYYADSVKGRFTISRDNSKNTLYLQMSSLRAEDTAVYYCVKHYQQQLLWGGPDVWGQGTTVTVSS,DIVMTQSPVSLPVTPGEPASISCRSSQSLLHSNGYNYLDWYLQKPGQSPQLLIYLGSNRASGVPDRFSGSGSGTDFTLKISRVEAEDVGVYYCMQALQTPITFGQGTRLEIK<|pad|>EVQLVESGGGLVQPGGSL
KVFGRCELAAAMKRHGLDNYRGYSLGNWVCAAKFESNFNTQATNRNTDGSTDYGILQINSRWWCNDGRTPGSRNLCNIPCSALLSSDITASVNCAKKIVSDGNGMNAWVAWRNRCKGTDVQAWIRGCRL,EVQLVESGGDLVQPGGSLRLSCVASEFTFSSYWMSWVRQAPGKGLEWVANIKQDGSETHYVDSVKGRFTISRDNAKNSLYLQMNSLRAEDTAVYYCVRGPLFYDFWSGYPFAFDIWGQGTTVTVSS,SYELTQPPSVSVSPGQTASITCSGDKLGDKYASWYQQKPGQSPVLVIYQDSKRPSGIPERFSGSNSGNTATLTISGTQAMDEADYYCQAWDSSTVVFGGGTKLTVL<|pad|>EIVMTQSPATLSVSPGERAT
KVFGRCELAAAMKRHGLDNYRGYSLGNWVCAAKFESNFNTQATNRNTDGSTDYGILQINSRWWCNDGRTPGSRNLCNIPCSALLSSDITASVNCAKKIVSDGNGMNAWVAWRNRCKGTDVQAWIRGCRL,EVQLQESGPSLVKPSQTLSLTCTVTGDSVTSDFWSWIRKFPGNKLEYMGYISYSGSTYYNPSLKSRISITRDTSKNQYYLQLNSVTTEDTATYYCASWGGHVGCPNDAFDYWGQGTLVTVSS,DIQMTQSPSSVSASVGDRVTITCRASQGISSWLAWYQQKPGKAPKLLIYAASSLQSGVPSRFSGSGSGTDFTLTISSLQPEDFATYYCQQANSFPFTFGPGTKVDIK<|pad|>EVQLLESGPSLVKPSQTLSLTCT
KVFGRCELAAAMKRHGLDNYRGYSLGNWVCAAKFESNFNTQATNRNTDGSTDYGILQINSRWWCNDGRTPGSRNLCNIPCSALLSSDITASVNCAKKIVSDGNGMNAWVAWRNRCKGTDVQAWIRGCRL,QVQLQESGPGLVKPSETLSLTCTVSGGSISSYYWSWIRQPPGKGLEWIGYIHYSGSTNYNPSLKSRVTISVDTSKNQFSLKLSSVTAADTAVYYCARDRLGSYGDYWGQGTLVTVSS,EIVMTQSPATLSVSPGERATLSCRASQSVSSNLAWYQQKPGQAPRLLIYGASTRATGIPARFSGSGSGTEFTLTISSLQSEDFAVYYCQQYNNWPPGYTFGQGTKLEIK<|pad|>QVQLQESGPGLVKPSETLSLTCTVSG
KVFGRCELAAAMKRHGLDNYRGYSLGNWVCAAKFESNFNTQATNRNTDGSTDYGILQINSRWWCNDGRTPGSRNLCNIPCSALLSSDITASVNCAKKIVSDGNGMNAWVAWRNRCKGTDVQAWIRGCRL,EVQLVESGGGLVQPGGSLRLSCSASGFTFSYFSMNWVRQAPGKGLEWVSYISRSSRSIYYADSVKGRFTISRDNAKNSLYLQMNSLRDEDTAVYYCARGYWNDADFDYWGQGTLVTVSS,DIVMTQSPDSLAVSLGERATINCKSSQSVLYSSNNKNYLAWYQQKPGQPPKLLIYWASTRESGVPDRFSGSGSGTDFTLTISSLQAEDVAVYYCQQYYSSPHTFGQGTKLEIK<|pad|>DVFDTWGQGTMVTVSS[LC]DIV
KVFGRCELAAAMKRHGLDNYRGYSLGNWVCAAKFESNFNTQATNRNTDGSTDYGILQINSRWWCNDGRTPGSRNLCNIPCSALLSSDITASVNCAKKIVSDGNGMNAWVAWRNRCKGTDVQAWIRGCRL,QVQLVESGGGVVQPGRSLRLSCAASGFSFSSYGMHWVRQAPGKGLEWVAVISYDGGNKHYADSVKGRFTISRDNSKNTLYLQMNSLRAEDTAVYYCAKQFSSGWYVADHYYFGMDVWGQGTTVTVSS,EIVLTQSPATLSLSPGERATLSCRASQSVSSYLAWYQQKPGQAPRLLIYDASNRATGIPARFSGSGSGTDFTLTISSLEPEDFAVYYCQQRSNWPPGTFGQGTKVEIK<|pad|>QVQLQESGPGLVKPSET
KVFGRCELAAAMKRHGLDNYRGYSLGNWVCAAKFESNFNTQATNRNTDGSTDYGILQINSRWWCNDGRTPGSRNLCNIPCSALLSSDITASVNCAKKIVSDGNGMNAWVAWRNRCKGTDVQAWIRGCRL,EVQLQESGPSLVKPSQTLSLTCTVTGDSVTSDFWSWIRKFPGNKLEYMGYISYSGSTYYNPSLKSRISITRDTSKNQYYLQLNSVTTEDTATYYCAYWGYWGQGTPFDIWGQGTTVTVSS,DIVMTQSPDSLAVSLGERATINCKSSQSVLYSSNNKNYLAWYQQKPGQPPKLLIYWASTRESGVPDRFSGSGSGTDFTLTISSLQAEDVAVYYCQQYYSTPFTFGPGTKVDIK<|pad|>EVQLVESGGGLIQPGGSLR
KVFGRCELAAAMKRHGLDNYRGYSLGNWVCAAKFESNFNTQATNRNTDGSTDYGILQINSRWWCNDGRTPGSRNLCNIPCSALLSSDITASVNCAKKIVSDGNGMNAWVAWRNRCKGTDVQAWIRGCRL,EVQLQESGPGLVRPSETLSLTCSVSGYSISSNYWSWVRQPPGKGLEWIGFIHSSGSTNYNPSLKSRASISIDSSRNQFSLRLNSVTAADTAVYYCARDLTDDYGDFVLFDHWGRGTLVTVSG,DIQMTQSPSSLSASVGDRITITCQASQGVSKYLNWYQQKPGKAPKLLIYYASNLETGVPSRFSGSGFGTDFTLTISSLQPEDVATYYCQQCRSSPPFTFGPGTRLEIK<|pad|>QVQLQESGPGLVRPSETLSLTC
KVFGRCELAAAMKRHGLDNYRGYSLGNWVCAAKFESNFNTQATNRNTDGSTDYGILQINSRWWCNDGRTPGSRNLCNIPCSALLSSDITASVNCAKKIVSDGNGMNAWVAWRNRCKGTDVQAWIRGCRL,EVQLVESGGGLVQPGGSLRLSCAASGFTFSDYEMIWVRQAPGKGLEWVSGISWNGDSIGYADSVKGRFTISRDNAKNSLYLQMNSLRAEDTALYYCARGSAWPSDSFDYWGQGTLVTVSS,DIQMTQSPSSLSASVGDRVTITCRASQSISSYLNWYQQKPGKAPKLLIYAASSLQSGVPSRFSGSGSGTDFTLTISSLQPEDFATYYCQQSYSTPRYTFGQGTKVEIK<|pad|>EVVLTQSPGTLSLSPGERATLSCR
KVFGRCELAAAMKRHGLDNYRGYSLGNWVCAAKFESNFNTQATNRNTDGSTDYGILQINSRWWCNDGRTPGSRNLCNIPCSALLSSDITASVNCAKKIVSDGNGMNAWVAWRNRCKGTDVQAWIRGCRL,EVQLVESGGGLVQPGGSLRLSCAASGFSFSSYSMNWVRQAPGKGLEWISYISSSSSTIYYADSVKGRFTISRDNAKNSLYLQMNSLRAEDTAVYYCARASSPTPPHYDYWGQGTLVTVSS,EIVMTQSPATLSVSPGERATLSCRASQSVSSNLAWYQQKPGQAPRLLIYGASTRATGIPARFSGSGSGTEFTLTISSLQSEDFAVYYCQQYNNWPPLTFGGGTKVEIK<|pad|>QVKLVESGGGVVQPGRSLRLSCAA
KVFGRCELAAAMKRHGLDNYRGYSLGNWVCAAKFESNFNTQATNRNTDGSTDYGILQINSRWWCNDGRTPGSRNLCNIPCSALLSSDITASVNCAKKIVSDGNGMNAWVAWRNRCKGTDVQAWIRGCRL,QVQLVESGGGLVKPGGSLRLSCAASGFTFSDYSMNWVRQAPGKGLEWVSSISTRSNYIYYADSVKGRFTISRDNAKNSLYLQMNSLRAEDTAVYYCAREGVYDYVWGSYPYYFQHWGQGTLVTVSS,QSALTQPASVSGSPGQSITISCTGTSSDVGGYNYVSWYQQHPGKAPKLMIYDVSNRPSGVSNRFSGSKSGNTASLTISGLQAEDEADYYCASFTSSSTVVFGGGTKLTVL<|pad|><|pad|>DIQMTQSPSSLSASV
KVFGRCELAAAMKRHGLDNYRGYSLGNWVCAAKFESNFNTQATNRNTDGSTDYGILQINSRWWCNDGRTPGSRNLCNIPCSALLSSDITASVNCAKKIVSDGNGMNAWVAWRNRCKGTDVQAWIRGCRL,QVQLQESGPGLVKPSETLSLTCSVSGGSISTSFWWAWIRQPPGKGLEWIGSIFHSGSTYYNPSLKSRVTISVDTSKNQFSLKLSSVTAADTAVYYCARAYPSYDYGEYYFDYWGQGTLVTVSS,SYELTQPPSVSVAPGKTARITCGGNNIGSKTVHWYQQKPGQAPVLVVYDDSDRPSGIPERFSGSNSGNTATLTISRVEAGDEADYYCQVWDTTSDHPYVFGTGTKVTVL<|pad|>EVQLVESGGGLVQPGGSLRL
KVFGRCELAAAMKRHGLDNYRGYSLGNWVCAAKFESNFNTQATNRNTDGSTDYGILQINSRWWCNDGRTPGSRNLCNIPCSALLSSDITASVNCAKKIVSDGNGMNAWVAWRNRCKGTDVQAWIRGCRL,EVQLVESGGGLVQPGGSLRLSCSASGFTFSTYAMHWVRQAPGKGLEYVSAISSNGGSTYYADSVKGRFTISRDNSKNTLYLQMSSLRAEDTAVYYCVKGNYFDFWGQGTLVTVSS,DIVMTQSPLSLPVTPGEPASISCRSSQSLLHSNGYNYLDWYLQKPGQSPQLLIYLGSNRASGVPDRFSGSGSGTDFTLKISRVEAEDVGVYYCMQALQTSWTFGQGTKVEIK<|pad|><|pad|>EIVLVQSPLSLPVTPGEPASISCR
KVFGRCELAAAMKRHGLDNYRGYSLGNWVCAAKFESNFNTQATNRNTDGSTDYGILQINSRWWCNDGRTPGSRNLCNIPCSALLSSDITASVNCAKKIVSDGNGMNAWVAWRNRCKGTDVQAWIRGCRL,QVQLVESGGGLVQPGGSLRLSCAASGFIFSDYSMSWVRQAPGKGLEWISFISGSGGRTDYADSVKGRFTISRDNSKNTLYLQMNSLRAEDTAVYYCARFGLWGLSTTYYGMDVWGQGTTVTVSS,DIQMTQSPSSLSASVGDRVTITCQASQGISNSLNWYQQKPGKAPKLLIYDASNLETGVPSRFSGSGSGTDFTFTISSLQPEDIATYYCQQYDNLPPALTFGGGTKLEIK<|pad|>EVKVEASKAAGSTYNGTVG
KVFGRCELAAAMKRHGLDNYRGYSLGNWVCAAKFESNFNTQATNRNTDGSTDYGILQINSRWWCNDGRTPGSRNLCNIPCSALLSSDITASVNCAKKIVSDGNGMNAWVAWRNRCKGTDVQAWIRGCRL,EVQLVESGGGLVQPGGSLRLSCAASGFTFSSYEMNWVRQAPGKGLEWVSYISSSGSSMYYADSVKGRFTISRDNAKNSLYLQMNSLRAEDTAVYYCARGGWLRWLLLTSDAFDIWGQGTMVTVSS,DIVMTQSPLSLPVTPGEPASISCRSSQSLLHSNGYNYLDWYLQKPGQSPQLLIYLGSNRASGVPDRFSGSGSGTDFTLKISRVEAEDVGVYYCMQALQTPYTFGQGTKLEIK<|pad|><|pad|>EIVLTQSPGTLSLS
KVFGRCELAAAMKRHGLDNYRGYSLGNWVCAAKFESNFNTQATNRNTDGSTDYGILQINSRWWCNDGRTPGSRNLCNIPCSALLSSDITASVNCAKKIVSDGNGMNAWVAWRNRCKGTDVQAWIRGCRL,EVQLLESGPGLVKPSETLSLTCTVSGGSIRSYYWSWIRQPPGKGLEWIGYVHYSGSTNYNPSLKSRVTISVDTSKNQFSLKLSSVTAADTAVYYCASNVWFDPWGQGTLVTVSS,SYVVTQPPSVSVAPGKTARITCGGNNIGSNSVHWYQQKPGQAPVLVIYYDSDRPSGIPERFSGSNSGNTATLTISRVEAGDEADYYCQVWDSSSDQPEVFGGGTKLTVL<|pad|>QPQSVSVAPGKTARITCGGNNIGSNSVHW
KVFGRCELAAAMKRHGLDNYRGYSLGNWVCAAKFESNFNTQATNRNTDGSTDYGILQINSRWWCNDGRTPGSRNLCNIPCSALLSSDITASVNCAKKIVSDGNGMNAWVAWRNRCKGTDVQAWIRGCRL,QVQLQESGPGLMKPSETLSLTCSVSGYSISSGYYWGWIRQPPGKGLEWIGSIYHSGSTYYNPSLKSRVTISVDTSKNQFSLKLSSVTAADTAVYYCARVEVASPHWPPFDPWGQGTLVTVSS,QSVLTQPPSASGTPGQRVTISCSGSSSNIGSNTVNWYQQLPGTAPKLLIYSNNQRPSGVPDRFSGSKSGTSASLAISGLQSEDEADYYCAAWDDSLNGPVFGGGTKLTVL<|pad|>QVQLQESGPGLMKPSETLSL
KVFGRCELAAAMKRHGLDNYRGYSLGNWVCAAKFESNFNTQATNRNTDGSTDYGILQINSRWWCNDGRTPGSRNLCNIPCSALLSSDITASVNCAKKIVSDGNGMNAWVAWRNRCKGTDVQAWIRGCRL,EVQLQESGPGLVKPSETLSLTCTVSGDSIRSDHWSWIRQPPGKGLEWIGYIHYSGNTNYNPSLKSRVTISVDTSKNQFSLKLSSVTAADTAVYYCARVGAGDIRDFDYWGQGTLVTVSS,QSALTQPASVSGSPGQSITISCTGTSSDVGGYNYVSWYQQHPGKAPKLMIYDVSNRPSGVSNRFSGSKSGNTASLTISGLQAEDEADYYCSSYTSSSTWVFGGGTKLTVL<|pad|>QLQESGPGLVKPSETLSLTCTVS
KVFGRCELAAAMKRHGLDNYRGYSLGNWVCAAKFESNFNTQATNRNTDGSTDYGILQINSRWWCNDGRTPGSRNLCNIPCSALLSSDITASVNCAKKIVSDGNGMNAWVAWRNRCKGTDVQAWIRGCRL,EVQLQESGPSLVKPSQTLSLTCTVTGDSVTSDDWHWIRQFPGNGLEWMGYISYSGTTYYNPSLKSRLSITLDTSKNQFSLRLRSVTAADTAVYYCARVDWSYTGGGLLHWGQGTLVTVSS,DIQMTQSPSSLSASVGDRVTITCRASENIKNYLNWYQQKPGKAPKLLIYAASNLQTGVPSRFSGSGSGTDFTLTISSLQPEDFATYYCQQSYSMPPITFGQGTRLEIK<|pad|>EVQLQESGPSLVKPSQTLSLTCTV
KVFGRCELAAAMKRHGLDNYRGYSLGNWVCAAKFESNFNTQATNRNTDGSTDYGILQINSRWWCNDGRTPGSRNLCNIPCSALLSSDITASVNCAKKIVSDGNGMNAWVAWRNRCKGTDVQAWIRGCRL,EVQLVESGGGLVQPGGSLRLSCAASGFTFSSYWMSWVRQAPGKGLEWVANINQDGSEKYYVDSVKGRFTISRDNAKKSLYLQMNSLRAEDTAVYYCAREGMVRGNGAFDYWGQGTLVTVSS,SYELTQPPSVSVSPGQTARITCSGDALPKQYAYWYQQKPGQAPVLVIYKDSERPSGIPERFSGSSSGTTVTLTISGVQAEDEADYYCQSADSSGTSSYVFGTGTKVTVL<|pad|>QSVLTQPPSASGSPGQSVTISC
KVFGRCELAAAMKRHGLDNYRGYSLGNWVCAAKFESNFNTQATNRNTDGSTDYGILQINSRWWCNDGRTPGSRNLCNIPCSALLSSDITASVNCAKKIVSDGNGMNAWVAWRNRCKGTDVQAWIRGCRL,QVQLVESGGGLVQPGGSLRLSCAASGFTFSNYDMHWVRQATGKGLEWVSGIGTAGDTYYPGSVKGRFTISRENAKNSLYLQMNSLRAGDTAVYYCARVVGYNDYWSGYFDYWGQGTLVTVSS,EIVLTQSPATLSLSPGERATLSCRASQSVSSYLAWYQQKPGQAPRLLIYDASNRATGIPARFSGSGSGTDFTLTISSLEPEDFAVYYCQQRSNWPPTFGQGTRLEIK<|pad|>QVHLQESGPGLVKPSETLSLTCT
KVFGRCELAAAMKRHGLDNYRGYSLGNWVCAAKFESNFNTQATNRNTDGSTDYGILQINSRWWCNDGRTPGSRNLCNIPCSALLSSDITASVNCAKKIVSDGNGMNAWVAWRNRCKGTDVQAWIRGCRL,EVQLVESGGGLVQPGGSLRLSCAASGFTFRSYDMHWVRQVTGKGLEWVSVIGTGGDTYYADSVKGRFSISRENAKNSLYLQMDSLRAEDTAVYYCARGGAAGYYHFDYWGQGALVTVSS,DIQMTQSPSSLSASVGDRVTITCQASQDISNYLNWYQQKPGKAPKLLIYDASNLETGVPSRFSGSGSGTEFTFTITSLQPEDFATYYCQQYDNLPLTFGGGTKVEIK<|pad|>QVQLVESGGGVVQPGRSLRLSCAASG
KVFGRCELAAAMKRHGLDNYRGYSLGNWVCAAKFESNFNTQATNRNTDGSTDYGILQINSRWWCNDGRTPGSRNLCNIPCSALLSSDITASVNCAKKIVSDGNGMNAWVAWRNRCKGTDVQAWIRGCRL,EVQLVESGGGLVQPGGSLRLSCAASGFTFSDFEMNWVRQAPGKGLEWVSYISRSGGAIYYADSVKGRFTISRDNAKNSLYLQMNSLRAEDTAVYYCARFRYSYSYVFDYWGQGTLVTVSS,DIQMTQSPSSLSASVGDRVTITCQASQGIYNYLNWYQQKPGKAPKLLIYYTSKLHSGVPSRFSGSGYGTDFTFTISSLQPEDIATYYCQQDGFFPPFTFGQGTKVEIK<|pad|>EVVLTQSPATLSLSPGERATLSCR
