AASeq,PTM,pLDDT,Fitness
MTEQKALVKRITNETKIQIAISLKGGPLALPQDFPEKEAEAVAAQATQSQVINVHTGIGFLDHMIHALAKHSGWSLIVECIGDLHIDDHHTTEDCGIALGQAFKEALGAVRGVKRFGSGFAPLDEALSRAVVDLSGRYCFIDLGLRREKIGHLSTEMVTHVLESFASGSRITLHVDCLRGKNDHHRSESAFKALAVAIREATSPNGTNDVPSTKGVLM,0.9481,0.9492,0.77500266
GTEQKALVKRITNETKIQIAISLKGGPLAPPQDFPEKEAEAVAAQATQSQVINVHTGIGFLDHMIHALAKHSGWSLIVECIGDLHIDDHHTTEDCGIALGQAFKEALGAVRGVKRFGSGFAPLDEALSRAVVDLSGRYCFIDLGLRREKIGHLSTEMITHVLESFGGSSRITLHVDCLRGKNDHHRSESAFKALAVAIREATSPNGTNDVPSTKGVLM,0.8837,0.8789,0.8279894
MTEQKALVKRITNETKIQIAISLKGGPLALPQDFPEKEAEAVAAQATQSQVINVHTGVGFLDHMIHALAKHSGWSLIVECIGDLHIDDHHTTEDCGIALGQAFKEALGAVRGVKRFGSGFAPLDEALSRAVVDLSGRYCYIDLGLRREKIGQLSTEMVTHVLESFAGSGRITLHVDCLRGKNDHHRSESAFKALAVAIREATSPNGTNDVPSTKGVLM,0.9477,0.9453,0.78918153
MTEQKALVKRITNETKIQIAISLKGGPLALPQDFPEKEAEAVAAQATQSQVINVHTGIGFLDHMIHALAKHSGWSLIVECIGDLHIDDHHTTEDCGIALGQAFKEALGAVRGVKRFGSGFAPLDEALSRAVVDLSGRYCFIDLGLKREKIGQLSTEMITHVLESFAASSRITLHVDCLRGKNDHHRSESAFKALAVAIREATSPNGTNDVPSTKGVLM,0.9453,0.9453,0.8120374
MTEQKALVKRITNETKIQIAISLKGGPLALPQDFPEKEAEAVAAQATQSQVINVHTGIGFLDHMIHALAKHSGWSLIVECIGDLHIDDHHTTEDCGIALGQAFKEALGAVRGVKRFGSGFAPLDEALSRAVVDLSGRYCFIDLGLRREKIGHLSTEMVTHVLESFAASARITLHVDCLRGKNDHHRSESAFKALAVAIREATSPNGTNDVPSTKGVLM,0.9499,0.9492,0.79391366
MTEQKALVKRITNETKIQIAISLKGGPLALPQDFPEKEAEAVAAQATQSQVINVHTGIGFLDHMIHALAKHSGWSLIVECIGDLHIDDHHTTEDCGIALGQAFKEALGAVRGVKRFGSGFAPLDEALSRAVVDLSGRYCYIDLGLRREKIGHLSTEMVTHVLESFAASARITLHVDCLRGKNDHHRSESAFKALAVAIREATSPNGTNDVPSTKGVLM,0.9475,0.9453,0.8017457
MTEQKALVKRITNETKIQIAISLKGGPLALPQDFPEKEAEAVAAQATQSQVINVHTGIGFLDHMIHALAKHSGWSLIVECIGDLHIDDHHTTEDCGIALGQAFKEALGAVRGVKRFGSGFAPLDEALSRAVVDLSGRYCYIDLGLRREKLGQLSTEMITHVLESFSSSARITLHVDCLRGKNDHHRSESAFKALAVAIREATSPNGTNDVPSTKGVLM,0.9479,0.9453,0.79605585
MTEQKALVKRITNETKIQIAISLKGGPLALPQDFPEKEAEAVAAQATQSQVINVHTGIGFLDHMIHALAKHSGWSLIVECIGDLHIDDHHTTEDCGIALGQAFKEALGAVRGVKRFGSGFAPLDEALSRAVVDLSGRYCCIDLGLRREKLGQLSTEMVTHVLESFSGSARITLHVDCLRGKNDHHRSESAFKALAVAIREATSPNGTNDVPSTKGVLM,0.943,0.9414,0.7672134
MTEQKALVKRITNETKIQIAISLKGGPLALPQDFPEKEAEAVAAQATQSQVINVHTGIGFLDHMIHALAKHSGWSLIVECIGDLHIDDHHTTEDCGIALGQAFKEALGAVRGVKRFGSGFAPLDEALSRAVVDLSGRYCYIDLGLRREKIGQLSTEMITHVLESFATSARITLHVDCLRGKNDHHRSESAFKALAVAIREATSPNGTNDVPSTKGVLM,0.9465,0.9453,0.81814444
MTEQKALVKRITNETKIQIAISLKGGPLAPPQDFPEKEAEAVAAQATQSQVINVHTGIGFLDHMIHALAKHSGWSLIVECIGDLHIDDHHTTEDCGIALGQAFKEALGAVRGVKRFGSGFAPLDEALSRAVVDLSGRYCYIHLGLRREKIGQLSTEMITHVLESFAASARITLHVDCLRGKNDHHRSESAFKALAVAIREATSPNGTNDVPSTKGVLM,0.9487,0.9492,0.8015514
MTEQKALVKRITNETKIQIAISLKGGPLAPPQDFPEKEAEAVAAQATQSQVINVHTGVGFLDHMIHALAKHSGWSLIVECIGDLHIDDHHTTEDCGIALGQAFKEALGAVRGVKRFGSGFAPLDEALSRAVVDLSGRYCFIDLGLRREKIGHLSTEMITHVLESFGGSGRITLHVDCLRGKNDHHRSESAFKALAVAIREATSPNGTNDVPSTKGVLM,0.9479,0.9492,0.7461099
MTEQKALVKRITNETKIQIAISLKGGPLALPQDFPEKEAEAVAAQATQSQVINVHTGIGFLDHMIHALAKHSGWSLIVECIGDLHIDDHHTTEDCGIALGQAFKEALGAVRGVKRFGSGFAPLDEALSRAVVDLSGRYCYIDLGLRREKIGQLSTEMITHVLESFAGTGRITLHVDCLRGKNDHHRSESAFKALAVAIREATSPNGTNDVPSTKGVLM,0.9477,0.9453,0.79959345
MTEQKALVKRITNETKIQIAISLKGGPLALPQDFPEKEAEAVAAQATQSQVINVHTGIGFLDHMIHALAKHSGWSLIVECIGDLHIDDHHTTEDCGIALGQAFKEALGAVRGVKRFGSGFAPLDEALSRAVVDLSGRYCFIDLGLRREKIGHLSTEMITHVLESFSASARITLHVDCLRGKNDHHRSESAFKALAVAIREATSPNGTNDVPSTKGVLM,0.9507,0.9492,0.7562848
MTEQKALVKRITNETKIQIAISLKGGPLAPPQDFPEKEAEAVAAQATQSQVINVHTGIGFLDHMIHALAKHSGWSLIVECIGDLHIDDHHTTEDCGIALGQAFKEALGAVRGVKRFGSGFAPLDEALSRAVVDLSGRYCYIDLGLRREKIGHLSTEMITHVLESFADSSRITLHVDCLRGKNDHHRSESAFKALAVAIREATSPNGTNDVPSTKGVLM,0.9417,0.9414,0.7596758
MTEQKALVKRITNETKIQIAISLKGGPLALPQDFPEKEAEAVAAQATQSQVINVHTGIGFLDHMIHALAKHSGWSLIVECIGDLHIDDHHTTEDCGIALGQAFKEALGAVRGVKRFGSGFAPLDEALSRAVVDLSGRYCFIDLGLRREKIGHLSTEMVTHVLESFSASARITLHVDCLRGKNDHHRSESAFKALAVAIREATSPNGTNDVPSTKGVLM,0.9503,0.9492,0.73810846
MTEQKALVKRITNETKIQIAISLKGGPLALPQDFPEKEAEAVAAQATQSQVINVHTGIGFLDHMIHALAKHSGWSLIVECIGDLHIDDHHTTEDCGIALGQAFKEALGAVRGVKRFGSGFAPLDEALSRAVVDLSGRYCFIDLGLRREKIGHLSTEMITHVLESFAASSRITLHVDCLRGKNDHHRSESAFKALAVAIREATSPNGTNDVPSTKGVLM,0.9477,0.9453,0.81825596
MTEQKALVKRITNETKIQIAISLKGGPLALPQDFPEKEAEAVAAQATQSQVINVHTGIGFLDHMIHALAKHSGWSLIVECIGDLHIDDHHTTEDCGIALGQAFKEALGAVRGVKRFGSGFAPLDEALSRAVVDLSGRYCFIDLGLRREKIGQLSTEMITHVLESFATSARITLHVDCLRGKNDHHRSESAFKALAVAIREATSPNGTNDVPSTKGVLM,0.9485,0.9492,0.810596
MTEQKALVKRITNETKIQIAISLKGGPLALPQDFPEKEAEAVAAQATQSQVINVHTGIGFLDHMIHALAKHSGWSLIVECIGDLHIDDHHTTEDCGIALGQAFKEALGAVRGVKRFGSGFAPLDEALSRAVVDLSGRYCFIDLGLRREKIGQLSTEMITHVLESFSSSARITLHVDCLRGKNDHHRSESAFKALAVAIREATSPNGTNDVPSTKGVLM,0.9488,0.9492,0.7974816
MTEQKALVKRITNETKIQIAISLKGGPLAPPQDFPEKEAEAVAAQATQSQVINVHTGIGFLDHMIHALAKHSGWSLIVECIGDLHIDDHHTTEDCGIALGQAFKEALGAVRGVKRFGSGFAPLDEALSRAVVDLSGRYCFIDLGLRREKIGHLSTEMITHVLESFAASSRITLHVDCLRGKNDHHRSESAFKALAVAIREATSPNGTNDVPSTKGVLM,0.9441,0.9453,0.81178665
MTEQKALVKRITNETKIQIAISLKGGPLALPQDFPEKEAEAVAAQATQSQVINVHTGIGFLDHMIHALAKHSGWSLIVECIGDLHIDDHHTTEDCGIALGQAFKEALGAVRGVKRFGSGFAPLDEALSRAVVDLSGRYCFIDLGLRREKIGHLSTEMVTHVLESFSSSARITLHVDCLRGKNDHHRSESAFKALAVAIREATSPNGTNDVPSTKGVLM,0.9496,0.9492,0.76852745
MTEQKALVKRITNETKIQIAISLKGGPLALPQDFPEKEAEAVAAQATQSQVINVHTGIGFLDHMIHALAKHSGWSLIVECIGDLHIDDHHTTEDCGIALGQAFKEALGAVRGVKRFGSGFAPLDEALSRAVVDLSGRYCFIDLGLRREKIGQLSTEMITHVLESFSASGRITLHVDCLRGKNDHHRSESAFKALAVAIREATSPNGTNDVPSTKGVLM,0.9501,0.9492,0.74164724
MTEQKALVKRITNETKIQIAISLKGGPLAIPQDFPEKEAEAVAAQATQSQVINVHTGIGFLDHMIHALAKHSGWSLIVECIGDLHIDDHHTTEDCGIALGQAFKEALGAVRGVKRFGSGFAPLDEALSRAVVDLSGRYCFIDLGLRREKIGQLSTEMITHVLESFARSARITLHVDCLRGKNDHHRSESAFKALAVAIREATSPNGTNDVPSTKGVLM,0.9516,0.9492,0.73842335
MTEQKALVKRITNETKIQIAISLKGGPLALPQDFPEKEAEAVAAQATQSQVINVHTGIGFLDHMIHALAKHSGWSLIVECIGDLHIDDHHTTEDCGIALGQAFKEALGAVRGVKRFGSGFAPLDEALSRAVVDLSGRYCYIDLGLRREKIGHLSTEMITHVLESFASAARITLHVDCLRGKNDHHRSESAFKALAVAIREATSPNGTNDVPSTKGVLM,0.9473,0.9453,0.8067098
MTEQKALVKRITNETKIQIAISLKGGPLALPQDFPEKEAEAVAAQATQSQVINVHTGVGFLDHMIHALAKHSGWSLIVECIGDLHIDDHHTTEDCGIALGQAFKEALGAVRGVKRFGSGFAPLDEALSRAVVDLSGRYCYIDLGLRREKIGHLSTEMITHVLESFAGSARITLHVDCLRGKNDHHRSESAFKALAVAIREATSPNGTNDVPSTKGVLM,0.9465,0.9453,0.82442415
MTEQKALVKRITNETKIQIAISLKGGPLALPQDFPEKEAEAVAAQATQSQVINVHTGIGFLDHMIHALAKHSGWSLIVECIGDLHIDDHHTTEDCGIALGQAFKEALGAVRGVKRFGSGFAPLDEALSRAVVDLSGRYCFIDLGLRREKIGQLSTEMVTHVLESFASSSRVTLHVDCLRGKNDHHRSESAFKALAVAIREATSPNGTNDVPSTKGVLM,0.9459,0.9453,0.80914086
MTEQKALVKRITNETKIQIAISLKGGPLAPPQDFPEKEAEAVAAQATQSQVINVHTGIGFLDHMIHALAKHSGWSLIVECIGDLHIDDHHTTEDCGIALGQAFKEALGAVRGVKRFGSGFAPLDEALSRAVVDLSGRYCFIDLGLRREKIGQLSTEMITHVLESFGSSGRITLHVDCLRGKNDHHRSESAFKALAVAIREATSPNGTNDVPSTKGVLM,0.9475,0.9492,0.77739215
MTEQKALVKRITNETKIQIAISLKGGPLALPQDFPEKEAEAVAAQATQSQVINVHTGVGFLDHMIHALAKHSGWSLIVECIGDLHIDDHHTTEDCGIALGQAFKEALGAVRGVKRFGSGFAPLDEALSRAVVDLSGRYCFIDLGLRREKIGHLSTEMVTHVLESFAGSGRITLHVDCLRGKNDHHRSESAFKALAVAIREATSPNGTNDVPSTKGVLM,0.9496,0.9492,0.77873355
MTEQKALVKRITNETKIQIAISLKGGPLALPQDFPEKEAEAVAAQATQSQVINVHTGIGFLDHMIHALAKHSGWSLIVECIGDLHIDDHHTTEDCGIALGQAFKEALGAVRGVKRFGSGFAPLDEALSRAVVDLSGRYCYIDLGLRREKIGHLSTEMITHVLESFSGSARITLHVDCLRGKNDHHRSESAFKALAVAIREATSPNGTNDVPSTKGVLM,0.9483,0.9492,0.77729493
MTEQKALVKRITNETKIQIAISLKGGPLAPPQDFPEKEAEAVAAQATQSQVINVHTGIGFLDHMIHALAKHSGWSLIVECIGDLHIDDHHTTEDCGIALGQAFKEALGAVRGVKRFGSGFAPLDEALSRAVVDLSGRYCYIDLGLRREKIGHLSTEMITHVLESFSSGSRITLHVDCLRGKNDHHRSESAFKALAVAIREATSPNGTNDVPSTKGVLM,0.9454,0.9492,0.7585729
MTEQKALVKRITNETKIQIAISLKGGPLALPQDFPEKEAEAVAAQATQSQVINVHTGIGFLDHMIHALAKHSGWSLIVECIGDLHIDDHHTTEDCGIALGQAFKEALGAVRGVKRFGSGFAPLDEALSRAVVDLSGRYCFIDLGLRREKIGHLSTEMITHVLESFSGSARITLHVDCLRGKNDHHRSESAFKALAVAIREATSPNGTNDVPSTKGVLM,0.9501,0.9492,0.76370084
MTEQKALVKRITNETKIQIAISLKGGPLAPPQDFPEKEAEAVAAQATQSQVINVHTGIGFLDHMIHALAKHSGWSLIVECIGDLHIDDHHTTEDCGIALGQAFKEALGAVRGVKRFGSGFAPLDEALSRAVVDLSGRYCFIDLGLRREKIGHLSTEMITHVLESFSSSARITLHVDCLRGKNDHHRSESAFKALAVAIREATSPNGTNDVPSTKGVLM,0.9469,0.9492,0.7891682
MTEQKALVKRITNETKIQIAISLKGGPLALPQDFPEKEAEAVAAQATQSQVINVHTGVGFLDHMIHALAKHSGWSLIVECIGDLHIDDHHTTEDCGIALGQAFKEALGAVRGVKRFGSGFAPLDEALSRAVVDLSGRYCYIDLGLRREKIGHLSTEMITHVLESFASGARITLHVDCLRGKNDHHRSESAFKALAVAIREATSPNGTNDVPSTKGVLM,0.9473,0.9453,0.80690354
MTEQKALVKRITNETKIQIAISLKGGPLAPPQDFPEKEAEAVAAQATQSQVINVHTGIGFLDHMIHALAKHSGWSLIVECIGDLHIDDHHTTEDCGIALGQAFKEALGAVRGVKRFGSGFAPLDEALSRAVVDLSGRYCFIDLGLRREKIGQLSTEMITHVLEAFSGSARITLHVDCLRGKNDHHRSESAFKALAVAIREATSPNGTNDVPSTKGVLM,0.9449,0.9453,0.7107597
MTEQKALVKRITNETKIQIAISLKGGPLALPQDFPEKEAEAVAAQATQSQVINVHTGIGFLDHMIHALAKHSGWSLIVECIGDLHIDDHHTTEDCGIALGQAFKEALGAVRGVKRFGSGFAPLDEALSRAVVDLSGRYCFIDLGLRREKIGHLSTEMITHVLESFASSARITLHVDCLRGKNDHHRSESAFKALAVAIREATSPNGTNDVPSTKGVLM,0.9483,0.9453,0.816557
MTEQKALVKRITNETKIQIAISLKGGPLALPQDFPEKEAEAVAAQATQSQVINVHTGIGFLDHMIHALAKHSGWSLIVECIGDLHIDDHHTTEDCGIALGQAFKEALGAVRGVKRFGSGFAPLDEALSRAVVDLSGRYCFIDLGLRREKIGQLSTEMVTHVLESFASSGRITLHVDCLRGKNDHHRSESAFKALAVAIREATSPNGTNDVPSTKGVLM,0.9486,0.9492,0.79775065
MTEQKALVKRITNETKIQIAISLKGGPLALPQDFPEKEAEAVAAQATQSQVINVHTGIGFLDHMIHALAKHSGWSLIVECIGDLHIDDHHTTEDCGIALGQAFKEALGAVRGVKRFGSGFAPLDEALSRAVVDLSGRYCFIDLGLRREKIGQLSTEMITHVLESFAFSSRITLHVDCLRGKNDHHRSESAFKALAVAIREATSPNGTNDVPSTKGVLM,0.9468,0.9453,0.80152243
MTEQKALVKRITNETKIQIAISLKGGPLAPPQDFPEKEAEAVAAQATQSQVINVHTGIGFLDHMIHALAKHSGWSLIVECIGDLHIDDHHTTEDCGIALGQAFKEALGAVRGVKRFGSGFAPLDEALSRAVVDLSGRYCFIDLGLRREKIGQLSTEMITHVLESFCASARITLHVDCLRGKNDHHRSESAFKALAVAIREATSPNGTNDVPSTKGVLM,0.9445,0.9453,0.7558546
MTEQKALVKRITNETKIQIAISLKGGPLAPPQDFPEKEAEAVAAQATQSQVINVHTGIGFLDHMIHALAKHSGWSLIVECIGDLHIDDHHTTEDCGIALGQAFKEALGAVRGVKRFGSGFAPLDEALSRAVVDLSGRYCFIDLGLRREKIGHLSTEMITHVLESFGASARITLHVDCLRGKNDHHRSESAFKALAVAIREATSPNGTNDVPSTKGVLM,0.9494,0.9531,0.7679372
MTEQKALVKRITNETKIQIAISLKGGPLALPQDFPEKEAEAVAAQATQSQVINVHTGIGFLDHMIHALAKHSGWSLIVECIGDLHIDDHHTTEDCGIALGQAFKEALGAVRGVKRFGSGFAPLDEALSRAVVDLSGRYCFIDLGLRREKIGHLSTEMITHVLESFGSSARITLHVDCLRGKNDHHRSESAFKALAVAIREATSPNGTNDVPSTKGVLM,0.9511,0.9531,0.7865315
MTEQKALVKRITNETKIQIAISLKGGPLAPPQDFPEKEAEAVAAQATQSQVINVHTGIGFLDHMIHALAKHSGWSLIVECIGDLHIDDHHTTEDCGIALGQAFKEALGAVRGVKRFGSGFAPLDEALSRAVVDLSGRYCYIDLGLRREKIGHLSTEMITHVLESFATSSRITLHVDCLRGKNDHHRSESAFKALAVAIREATSPNGTNDVPSTKGVLM,0.9425,0.9453,0.81596804
MTEQKALVKRITNETKIQIAISLKGGPLALPQDFPEKEAEAVAAQATQSQVINVHTGIGFLDHMIHALAKHSGWSLIVECIGDLHIDDHHTTEDCGIALGQAFKEALGAVRGVKRFGSGFAPLDEALSRAVVDLSGRYCFIDLGLRREKIGQLSTEMITHILESFAGSSRITLHVDCLRGKNDHHRSESAFKALAVAIREATSPNGTNDVPSTKGVLM,0.9473,0.9453,0.81321573
MTEQKALVKRITNETKIQIAISLKGGPLALPQDFPEKEAEAVAAQATQSQVINVHTGVGFLDHMIHALAKHSGWSLIVECIGDLHIDDHHTTEDCGIALGQAFKEALGAVRGVKRFGSGFAPLDEALSRAVVDLSGRYCFIDLGLRREKIGQLSTEMITHVLESFSSSGRITLHVDCLRGKNDHHRSESAFKALAVAIREATSPNGTNDVPSTKGVLM,0.9472,0.9453,0.7729843
MTEQKALVKRITNETKIQIAISLKGGPLAPPQDFPEKEAEAVAAQATQSQVINVHTGIGFLDHMIHALAKHSGWSLIVECIGDLHIDDHHTTEDCGIALGQAFKEALGAVRGVKRFGSGFAPLDEALSRAVVDLSGRYCFIDLGLRREKIGQLSTEMITHVLESFASSARITLHVDCLRGKNDHHRSESAFKALAVAIREATSPNGTNDVPSTKGVLM,0.946,0.9492,0.8116515
MTEQKALVKRITNETKIQIAISLKGGPLALPQDFPEKEAEAVAAQATQSQVINVHTGIGFLDHMIHALAKHSGWSLIVECIGDLHIDDHHTTEDCGIALGQAFKEALGAVRGVKRFGSGFAPLDEALSRAVVDLSGRYCYIDLGLRREKIGHLSTEMVTHVLESFACSARITLHVDCLRGKNDHHRSESAFKALAVAIREATSPNGTNDVPSTKGVLM,0.9505,0.9492,0.7758778
MTEQKALVKRITNETKIQIAISLKGGPLALPQDFPEKEAEAVAAQATQSQVINVHTGIGFLDHMIHALAKHSGWSLIVECIGDLHIDDHHTTEDCGIALGQAFKEALGAVRGVKRFGSGFAPLDEALSRAVVDLSGRYCFIDLGLRREKIGHLSTEMITHVLESFSSSARITLHVDCLRGKNDHHRSESAFKALAVAIREATSPNGTNDVPSTKGVLM,0.9487,0.9492,0.7898758
MTEQKALVKRITNETKIQIAISLKGGPLALPQDFPEKEAEAVAAQATQSQVINVHTGIGFLDHMIHALAKHSGWSLIVECIGDLHIDDHHTTEDCGIALGQAFKEALGAVRGVKRFGSGFAPLDEALSRAVVDLSGRYCFIDLGLRREKIGHLSTEMITHVLESFAGSGRITLHVDCLRGKNDHHRSESAFKALAVAIREATSPNGTNDVPSTKGVLM,0.9507,0.9492,0.79160166
MTEQKALVKRITNETKIQIAISLKGGPLALPQDFPEKEAEAVAAQATQSQVINVHTGIGFLDHMIHALAKHSGWSLIVECIGDLHIDDHHTTEDCGIALGQAFKEALGAVRGVKRFGSGFAPLDEALSRAVVDLSGRYCYIDLGLRREKIGQLSTEMITHVLESFAGSGRITLHVDCLRGKNDHHRSESAFKALAVAIREATSPNGTNDVPSTKGVLM,0.9478,0.9453,0.8087122
MTEQKALVKRITNETKIQIAISLKGGPLALPQDFPEKEAEAVAAQATQSQVINVHTGIGFLDHMIHALAKHSGWSLIVECIGDLHIDDHHTTEDCGIALGQAFKEALGAVRGVKRFGSGFAPLDEALSRAVVDLSGRYCYIELGLRREKIGHLSTEMITHALESFTASARITLHVDCLRGKNDHHRSESAFKALAVAIREATSPNGTNDVPSTKGVLM,0.9514,0.9492,0.64289397
MTEQKALVKRITNETKIQIAISLKGGPLAPPQDFPEKEAEAVAAQATQSQVINVHTGIGFLDHMIHALAKHSGWSLIVECIGDLHIDDHHTTEDCGIALGQAFKEALGAVRGVKRFGSGFAPLDEALSRAVVDLSGRYCYIDLGLRREKIGQLSTEMITHVLESFASSSRITLHVDCLRGKNDHHRSESAFKALAVAIREATSPNGTNDVPSTKGVLM,0.9409,0.9414,0.81943756
MTEQKALVKRITNETKIQIAISLKGGPLALPQDFPEKEAEAVAAQATQSQVINVHTGIGFLDHMIHALAKHSGWSLIVECIGDLHIDDHHTTEDCGIALGQAFKEALGAVRGVKRFGSGFAPLDEALSRAVVDLSGRYCYIDLGLRREKIGQLSTEMVTHVLESFGTSTRITLHVDCLRGKNDHHRSESAFKALAVAIREATSPNGTNDVPSTKGVLM,0.9487,0.9492,0.620977
MTEQKALVKRITNETKIQIAISLKGGPLAPPQDFPEKEAEAVAAQATQSQVINVHTGIGFLDHMIHALAKHSGWSLIVECIGDLHIDDHHTTEDCGIALGQAFKEALGAVRGVKRFGSGFAPLDEALSRAVVDLSGRYCYIDLGLRREKIGHLSTEMITHVLESFGASSRISLHVDCLRGKNDHHRSESAFKALAVAIREATSPNGTNDVPSTKGVLM,0.9485,0.9531,0.73647916
MTEQKALVKRITNETKIQIAISLKGGPLALPQDFPEKEAEAVAAQATQSQVINVHTGIGFLDHMIHALAKHSGWSLIVECIGDLHIDDHHTTEDCGIALGQAFKEALGAVRGVKRFGSGFAPLDEALSRAVVDLSGRYCYIDLGLRREKIGQLSTEMITHVLESFGSSARITLHVDCLRGKNDHHRSESAFKALAVAIREATSPNGTNDVPSTKGVLM,0.9493,0.9492,0.8077818
MTEQKALVKRITNETKIQIAISLKGGPLALPQDFPEKEAEAVAAQATQSQVINVHTGIGFLDHMIHALAKHSGWSLIVECIGDLHIDDHHTTEDCGIALGQAFKEALGAVRGVKRFGSGFAPLDEALSRAVVDLSGRYCYIDLGLRREKIGHLSTEMITHVLESFASSSRITLHVDCLRGKNDHHRSESAFKALAVAIREATSPNGTNDVPSTKGVLM,0.9462,0.9453,0.82811904
MTEQKALVKRITNETKIQIAISLKGGPLAPPQDFPEKEAEAVAAQATQSQVINVHTGIGFLDHMIHALAKHSGWSLIVECIGDLHIDDHHTTEDCGIALGQAFKEALGAVRGVKRFGSGFAPLDEALSRAVVDLSGRYCFIDLGLRREKIGHLSAEMITHVLESFGSSSRITLHVDCLRGKNDHHRSESAFKALAVAIREATSPNGTNDVPSTKGVLM,0.9492,0.9531,0.78332204
MTEQKALVKRITNETKIQIAISLKGGPLALPQDFPEKEAEAVAAQATQSQVINVHTGIGFLDHMIHALAKHSGWSLIVECIGDLHIDDHHTTEDCGIALGQAFKEALGAVRGVKRFGSGFAPLDEALSRAVVDLSGRYCFIDLGLRREKIGHLSTEMITHVLESFASSSRITLHVDCLRGKNDHHRSESAFKALAVAIREATSPNGTNDVPSTKGVLM,0.9468,0.9453,0.82344264
MTEQKALVKRITNETKIQIAISLKGGPLAPPQDFPEKEAEAVAAQATQSQVINVHTGIGFLDHMIHALAKHSGWSLIVECIGDLHIDDHHTTEDCGIALGQAFKEALGAVRGVKRFGSGFAPLDEALSRAVVDLSGRYCFIDLGLRREKIGHLSTEMITHVLESFAPSARITLHVDCLRGKNDHHRSESAFKALAVAIREATSPNGTNDVPSTKGVLM,0.9475,0.9492,0.7372718
MTEQKALVKRITNETKIQIAISLKGGPLALPQDFPEKEAEAVAAQATQSQVINVHTGIGFLDHMIHALAKHSGWSLIVECIGDLHIDDHHTTEDCGIALGQAFKEALGAVRGVKRFGSGFAPLDEALSRAVVDLSGRYCFIDLGLRREKIGALSTEMITHVLESFAGSSRITLHVDCLRGKNDHHRSESAFKALAVAIREATSPNGTNDVPSTKGVLM,0.9482,0.9492,0.8004315
TTEQKALVKRITNETKIQIAISLKGGPLALPQDFPEKEAEAVAAQATQSQVINVHTGIGFLDHMIHALAKHSGWSLIVECIGDLHIDDHHTTEDCGIALGQAFKEALGAVRGVKRFGSGFAPLDEALSRAVVDLSGRYCFIDLGLRREKIGHLSTEMVTHVLESFASSARITLHVDCLRGKNDHHRSESAFKALAVAIREATSPNGTNDVPSTKGVLM,0.8896,0.8984,0.844366
MTEQKALVKRITNETKIQIAISLKGGPLALPQDFPEKEAEAVAAQATQSQVINVHTGIGFLDHMIHALAKHSGWSLIVECIGDLHIDDHHTTEDCGIALGQAFKEALGAVRGVKRFGSGFAPLDEALSRAVVDLSGRYCFIDLGLRREKIGHLSTEMVTHVLESFSCSARITLHVDCLRGKNDHHRSESAFKALAVAIREATSPNGTNDVPSTKGVLM,0.9521,0.9531,0.6952812
MTEQKALVKRITNETKIQIAISLKGGPLALPQDFPEKEAEAVAAQATQSQVINVHTGIGFLDHMIHALAKHSGWSLIVECIGDLHIDDHHTTEDCGIALGQAFKEALGAVRGVKRFGSGFAPLDEALSRAVVDLSGRYCFIDLGLRREKIGHLSTEMITHVLESFAASARITLHVDCLRGKNDHHRSESAFKALAVAIREATSPNGTNDVPSTKGVLM,0.9497,0.9492,0.80602163
MTEQKALVKRITNETKIQIAISLKGGPLAPPQDFPEKEAEAVAAQATQSQVINVHTGIGFLDHMIHALAKHSGWSLIVECIGDLHIDDHHTTEDCGIALGQAFKEALGAVRGVKRFGSGFAPLDEALSRAVVDLSGRYCFIDLGLRREKIGHLSTEMITHVLESFGSSARITLHVDCLRGKNDHHRSESAFKALAVAIREATSPNGTNDVPSTKGVLM,0.9482,0.9531,0.7857683
MTEQKALVKRITNETKIQIAISLKGGPLAPPQDFPEKEAEAVAAQATQSQVINVHTGIGFLDHMIHALAKHSGWSLIVECIGDLHIDDHHTTEDCGIALGQAFKEALGAVRGVKRFGSGFAPLDEALSRAVVDLSGRYCYIDLGLRREKIGHLSTEMITHVLESFGGSARITLHVDCLRGKNDHHRSESAFKALAVAIREATSPNGTNDVPSTKGVLM,0.9476,0.9492,0.78086174
MTEQKALVKRITNETKIQIAISLKGGPLAPPQDFPEKEAEAVAAQATQSQVINVHTGIGFLDHMIHALAKHSGWSLIVECIGDLHIDDHHTTEDCGIALGQAFKEALGAVRGVKRFGSGFAPLDEALSRAVVDLSGRYCFIDLGLRREKIGHLSTEMVTHVLESFSSRSRITLHVDCLRGKNDHHRSESAFKALAVAIREATSPNGTNDVPSTKGVLM,0.9468,0.9492,0.6365783
MTEQKALVKRITNETKIQIAISLKGGPLAPPQDFPEKEAEAVAAQATQSQVINVHTGIGFLDHMIHALAKHSGWSLIVECIGDLHIDDHHTTEDCGIALGQAFKEALGAVRGVKRFGSGFAPLDEALSRAVVDLSGRYCFIDLGLRREKIGNLSTEMITHVLESFASSARITLHVDCLRGKNDHHRSESAFKALAVAIREATSPNGTNDVPSTKGVLM,0.943,0.9453,0.80890036
MTEQKALVKRITNETKIQIAISLKGGPLALPQDFPEKEAEAVAAQATQSQVINVHTGIGFLDHMIHALAKHSGWSLIVECIGDLHIDDHHTTEDCGIALGQAFKEALGAVRGVKRFGSGFAPLDEALSRAVVDLSGRYCYIDLGLRREKIGQLSTEMVTHVLESFAGSSRITLHVDCLRGKNDHHRSESAFKALAVAIREATSPNGTNDVPSTKGVLM,0.9441,0.9414,0.81735116
ATEQKALVKRITNETKIQIAISLKGGPLALPQDFPEKEAEAVAAQATQSQVINVHTGIGFLDHMIHALAKHSGWSLIVECIGDLHIDDHHTTEDCGIALGQAFKEALGAVRGVKRFGSGFAPLDEALSRAVVDLSGRYCYIDLGLRREKIGHLSTEMITHVLESFAASARITLHVDCLRGKNDHHRSESAFKALAVAIREATSPNGTNDVPSTKGVLM,0.8908,0.9023,0.8825218
MTEQKALVKRITNETKIQIAISLKGGPLALPQDFPEKEAEAVAAQATQSQVINVHTGVGFLDHMIHALAKHSGWSLIVECIGDLHIDDHHTTEDCGIALGQAFKEALGAVRGVKRFGSGFAPLDEALSRAVVDLSGRYCFIDLGLRREKIGQLSTEMITHVLESFSSSSRITLHVDCLRGKNDHHRSESAFKALAVAIREATSPNGTNDVPSTKGVLM,0.9456,0.9453,0.8038272
MTEQKALVKRITNETKIQIAISLKGGPLALPQDFPEKEAEAVAAQATQSQVINVHTGVGFLDHMIHALAKHSGWSLIVECIGDLHIDDHHTTEDCGIALGQAFKEALGAVRGVKRFGSGFAPLDEALSRAVVDLSGRYCFIDLGLRREKIGHLSTEMITHVLESFGKSSRITLHVDCLRGKNDHHRSESAFKALAVAIREATSPNGTNDVPSTKGVLM,0.951,0.9531,0.67757446
MTEQKALVKRITNETKIQIAISLKGGPLAPPQDFPEKEAEAVAAQATQSQVINVHTGIGFLDHMIHALAKHSGWSLIVECIGDLHIDDHHTTEDCGIALGQAFKEALGAVRGVKRFGSGFAPLDEALSRAVVDLSGRYCFIDLGLRREKIGHLSTEMITHVLESFASSARITLHVDCLRGKNDHHRSESAFKALAVAIREATSPNGTNDVPSTKGVLM,0.947,0.9492,0.81052065
MTEQKALVKRITNETKIQIAISLKGGPLALPQDFPEKEAEAVAAQATQSQVINVHTGIGFLDHMIHALAKHSGWSLIVECIGDLHIDDHHTTEDCGIALGQAFKEALGAVRGVKRFGSGFAPLDEALSRAVVDLSGRYCYIDLGLRREKIGQLTTEMITHVLEAFGSSSRITLHVDCLRGKNDHHRSESAFKALAVAIREATSPNGTNDVPSTKGVLM,0.9495,0.9492,0.67025375
MTEQKALVKRITNETKIQIAISLKGGPLAPPQDFPEKEAEAVAAQATQSQVINVHTGIGFLDHQIHALAKHSGWSLIVECIGDLHIDDHHTTEDCGIALGQAFKEALGAVRGVKRFGSGFAPLDEALSRAVVDLSGRYCYIDLGLRREKIGQLSTEMITHVLESFAGSARITLHVDCLRGKNDHHRSESAFKALAVAIREATSPNGTNDVPSTKGVLM,0.9423,0.9453,0.7735941
MTEQKALVKRITNETKIQIAISLKGGPLAIPQDFPEKEAEAVAAQATQSQVINVHTGIGFLDHMIHALAKHSGWSLIVECIGDLHIDDHHTTEDCGIALGQAFKEALGAVRGVKRFGSGFAPLDEALSRAVVDLSGRYCYIDLGLRREKIGHLSTCEMITHVLESFAGSARITLHVDCLRGKNDHHRSESAFKALAVAIREATSPNGTNDVPSTKGVLM,0.9427,0.9258,0.27583233
MTEQKALVKRITNETKIQIAISLKGGPLAPPQDFPEKEAEAVAAQATQSQVINVHTGIGFLDHMIHALAKHSGWSLIVECIGDLHIDDHHTTEDCGIALGQAFKEALGAVRGVKRFGSGFAPLDEALSRAVVDLSGRYCYIDLGLRREKIGHLSTEMITHVLESFASSGRITLHVDCLRGKNDHHRSESAFKALAVAIREATSPNGTNDVPSTKGVLM,0.9463,0.9492,0.8083324
MTEQKALVKRITNETKIQIAISLKGGPLALPQDFPEKEAEAVAAQATQSQVINVHTGVGFLDHMIHALAKHSGWSLIVECIGDLHIDDHHTTEDCGIALGQAFKEALGAVRGVKRFGSGFAPLDEALSRAVVDLSGRYCYIDLGLRREKVGQLSTEMITHVLESFSASARITLHVDCLRGKNDHHRSESAFKALAVAIREATSPNGTNDVPSTKGVLM,0.9471,0.9453,0.7958868
MTEQKALVKRITNETKIQIAISLKGGPLAPPQDFPEKEAEAVAAQATQSQVINVHTGIGFLDHMIHALAKHSGWSLIVECIGDLHIDDHHTTEDCGIALGQAFKEALGAVRGVKRFGSGFAPLDEALSRAVVDLSGRYCYIDLGLRREKIGHLSTEMITHVLESFASSSRITLHVDCLRGKNDHHRSESAFKALAVAIREATSPNGTNDVPSTKGVLM,0.9423,0.9453,0.8175745
MAEQKALVKRITNETKIQIAISLKGGPLAPPQDFPEKEAEAVAAQATQSQVINVHTGIGFLDHMIHALAKHSGWSLIVECIGDLHIDDHHTTEDCGIALGQAFKEALGAVRGVKRFGSGFAPLDEALSRAVVDLSGRYCFIDLGLRREKIGHLSTEMVTHVLESFSSSARITLHVDCLRGKNDHHRSESAFKALAVAIREATSPNGTNDVPSTKGVLM,0.942,0.9453,0.82545906
MQEQKALVKRITNETKIQIAISLKGGPLAPPQDFPEKEAEAVAAQATQSQVINVHTGVGFLDHMIHALAKHSGWSLIVECIGDLHIDDHHTTEDCGIALGQAFKEALGAVRGVKRFGSGFAPLDEALSRAVVDLSGRYCYIDLGLRREKIGHLSTEMVTHVLESFAASGRITLHVDCLRGKNDHHRSESAFKALAVAIREATSPNGTNDVPSTKGVLM,0.9436,0.9453,0.8262852
MTEQKALVKRITNETKIQIAISLKGGPLAPPQDFPEKEAEAVAAQATQSQVINVHTGIGFLDHMIHALAKHSGWSLIVECIGDLHIDDHHTTEDCGIALGQAFKEALGAVRGVKRFGSGFAPLDEALSRAVVDLSGRYCYIDLGLRREKIGQLSTEMITHVLESFAASARITLHVDCLRGKNDHHRSESAFKALAVAIREATSPNGTNDVPSTKGVLM,0.9441,0.9453,0.81052047
MTEQKALVKRITNETKIQIAISLKGGPLAPPQDFPEKEAEAVAAQATQSQVINVHTGIGFLDHMIHALAKHSGWSLIVECIGDLHIDDHHTTEDCGIALGQAFKEALGAVRGVKRFGSGFAPLDEALSRAVVDLSGRYCYIDLGLRREKIGHLSTEMITHVLESFTAASRITLHVDCLRGKNDHHRSESAFKALAVAIREATSPNGTNDVPSTKGVLM,0.9434,0.9453,0.7597582
MTEQKALVKRITNETKIQIAISLKGGPLALPQDFPEKEAEAVAAQATQSQVINVHTGIGFLDHMIHALAKHSGWSLIVECIGDLHIDDHHTTEDCGIALGQAFKEALGAVRGVKRFGSGFAPLDEALSRAVVDLSGRYCFIDLGLRREKIGQLSTEMITHVLESFAGPSRITLHVDCLRGKNDHHRSESAFKALAVAIREATSPNGTNDVPSTKGVLM,0.9477,0.9453,0.74656886
MTEQKALVKRITNETKIQIAISLKGGPLAPPQDFPEKEAEAVAAQATQSQVINVHTGIGFLDHMIHALAKHSGWSLIVECIGDLHIDDHHTTEDCGIALGQAFKEALGAVRGVKRFGSGFAPLDEALSRAVVDLSGRYCYIDLGLRREKIGELSTEMVTHVLEAFGGSARITLHVDCLRGKNDHHRSESAFKALAVAIREATSPNGTNDVPSTKGVLM,0.9458,0.9492,0.730158
MTEQKALVKRITNETKIQIAISLKGGPLALPQDFPEKEAEAVAAQATQSQVINVHTGIGFLDHMIHALAKHSGWSLIVECIGDLHIDDHHTTEDCGIALGQAFKEALGAVRGVKRFGSGFAPLDEALSRAVVDLSGRYCFIDLGLRREKIGHLSTEMITHVLESFASSGRITLHVDCLRGKNDHHRSESAFKALAVAIREATSPNGTNDVPSTKGVLM,0.9503,0.9492,0.80755204
MTEQKALVKRITNETKIQIAISLKGGPLALPQDFPEKEAEAVAAQATQSQVINVHTGIGFLDHMIHALAKHSGWSLIVECIGDLHIDDHHTTEDCGIALGQAFKEALGAVRGVKRFGSGFAPLDEALSRAVVDLSGRYCYIDLGLRREKIGHLSTEMITHVLESFGGSARITLHVDCLRGKNDHHRSESAFKALAVAIREATSPNGTNDVPSTKGVLM,0.9492,0.9492,0.7834695
MTEQKALVKRITNETKIQIAISLKGGPLAPPQDFPEKEAEAVAAQATQSQVINVHTGVGFLDHMIHALAKHSGWSLIVECIGDLHIDDHHTTEDCGIALGQAFKEALGAVRGVKRFGSGFAPLDEALSRAVVDLSGRYCFIDLGLRREKIGHLSTEMITHVLESFAGSSRITLHVDCLRGKNDHHRSESAFKALAVAIREATSPNGTNDVPSTKGVLM,0.9456,0.9492,0.8123676
MTEQKALVKRITNETKIQIAISLKGGPLALPQDFPEKEAEAVAAQATQSQVINVHTGVGFLDHMIHALAKHSGWSLIVECIGDLHIDDHHTTEDCGIALGQAFKEALGAVRGVKRFGSGFAPLDEALSRAVVDLSGRYCYIDLGLRREKIGQLSTEMITHVLESFSGSSRITLHVDCLRGKNDHHRSESAFKALAVAIREATSPNGTNDVPSTKGVLM,0.9453,0.9453,0.7994444
MTEQKALVKRITNETKIQIAISLKGGPLALPQDFPEKEAEAVAAQATQSQVINVHTGIGFLDHMIHALAKHSGWSLIVECIGDLHIDDHHTTEDCGIALGQAFKEALGAVRGVKRFGSGFAPLDEALSRAVVDLSGRYCFIDLGLRREKIGQLSTEMITHVLESFGSSARITLHVDCLRGKNDHHRSESAFKALAVAIREATSPNGTNDVPSTKGVLM,0.9502,0.9492,0.797501
MTEQKALVKRITNETKIQIAISLKGGPLAPPQDFPEKEAEAVAAQATQSQVINVHTGIGFLDHMIHALAKHSGWSLIVECIGDLHIDDHHTTEDCGIALGQAFKEALGAVRGVKRFGSGFAPLDEALSRAVVDLSGRYCYIDLGLRREKIGQLSTEMITHVLESFGASSRITLHVDCLRGKNDHHRSESAFKALAVAIREATSPNGTNDVPSTKGVLM,0.9462,0.9492,0.7964192
MTEQKALVKRITNETKIQIAISLKGGPLAPPQDFPEKEAEAVAAQATQSQVINVHTGIGFLDHMIHALAKHSGWSLIVECIGDLHIDDHHTTEDCGIALGQAFKEALGAVRGVKRFGSGFAPLDEALSRAVVDLSGRYCFIDLGLRREKIGQLSTEMITHVLESFGGSSRITLHVDCLRGKNDHHRSESAFKALAVAIREATSPNGTNDVPSTKGVLM,0.9459,0.9492,0.788604
MTEQKALVKRITNETKIQIAISLKGGPLALPQDFPEKEAEAVAAQATQSQVINVHTGVGFLDHMIHALAKHSGWSLIVECIGDLHIDDHHTTEDCGIALGQAFKEALGAVRGVKRFGSGFAPLDEALSRAVVDLSGRYCYIDLGLRREKIGHLSTEMITHVLESFASSARITLHVDCLRGKNDHHRSESAFKALAVAIREATSPNGTNDVPSTKGVLM,0.9473,0.9453,0.82445353
MTEQKALVKRITNETKIQIAISLKGGPLALPQDFPEKEAEAVAAQATQSQVINVHTGIGFLDHMIHALAKHSGWSLIVECIGDLHIDDHHTTEDCGIALGQAFKEALGAVRGVKRFGSGFAPLDEALSRAVVDLSGRYCFIDLGLRREKIGQLSTEMITHVLESFGGSARITLHVDCLRGKNDHHRSESAFKALAVAIREATSPNGTNDVPSTKGVLM,0.9497,0.9492,0.7867504
MTEQKALVKRITNETKIQIAISLKGGPLALPQDFPEKEAEAVAAQATQSQVINVHTGIGFLDHMIHALAKHSGWSLIVECIGDLHIDDHHTTEDCGIALGQAFKEALGAVRGVKRFGSGFAPLDEALSRAVVDLSGRYCYIDLGLRREKIGQLSTEMITHVLESFSASARITLHVDCLRGKNDHHRSESAFKALAVAIREATSPNGTNDVPSTKGVLM,0.949,0.9492,0.7832046
MTEQKALVKRITNETKIQIAISLKGGPLAPPQDFPEKEAEAVAAQATQSQVINVHTGIGFLDHMIHALAKHSGWSLIVECIGDLHIDDHHTTEDCGIALGQAFKEALGAVRGVKRFGSGFAPLDEALSRAVVDLSGRYCFIALGLRREKIGQLSTEMVTHVLESFSGSGRITLHVDCLRGKNDHHRSESAFKALAVAIREATSPNGTNDVPSTKGVLM,0.9493,0.9531,0.6219022
MTEQKALVKRITNETKIQIAISLKGGPLAPPQDFPEKEAEAVAAQATQSQVINCHTGIGFLDHMIHALAKHSGWSLIVECIGDLHIDDHHTTEDCGIALGQAFKEALGAVRGVKRFGSGFAPLDEALSRAVVDLSGRYCYIDLGLRREKIGHLSTEMVTHVLESFSSSSRITLHVDCLRGKNDHHRSESAFKALAVAIREATSPNGTNDVPSTKGVLM,0.9424,0.9414,0.692367
MTEQKALVKRITNETKIQIAISLKGGPLALPQDFPEKEAEAVAAQATQSQVINVHTGIGFLDHMIHALAKHSGWSLIVECIGDLHIDDHHTTEDCGIALGQAFKEALGAVRGVKRFGSGFAPLDEALSRAVVDLSGRYCFIDLGLRREKIGRLSTAEMITHVLESFAGGSRITLHVDCLRGKNDHHRSESAFKALAVAIREATSPNGTNDVPSTKGVLM,0.941,0.9258,0.20683771
MTEQKALVKRITNETKIQIAISLKGGPLALPQDFPEKEAEAVAAQATQSQVINVHTGIGFLDHMIHALAKHSGWSLIVECIGDLHIDDHHTTEDCGIALGQAFKEALGAVRGVKRFGSGFAPLDEALSRAVVDLSGRYCYIDLGLRREKIGQLSTEMVTHVLESFASSARITLHVDCLRGKNDHHRSESAFKALAVAIREATSPNGTNDVPSTKGVLM,0.9459,0.9453,0.8109887
MTEQKALVKRITNETKIQIAISLKGGPLALPQDFPEKEAEAVAAQATQSQVINVHTGIGFLDHMIHALAKHSGWSLIVECIGDLHIDDHHTTEDCGIALGQAFKEALGAVRGVKRFGSGFAPLDEALSRAVVDLSGRYCFIDLGLRREKIGHLSTEMITHVLESFMASSRITLHVDCLRGKNDHHRSESAFKALAVAIREATSPNGTNDVPSTKGVLM,0.9493,0.9492,0.6711119
MTEQKALVKRITNETKIQIAISLKGGPLALPQDFPEKEAEAVAAQATQSQVINVHTGIGFLDHMIHALAKHSGWSLIVECIGDLHIDDHHTTEDCGIALGQAFKEALGAVRGVKRFGSGFAPLDEALSRAVVDLSGRYCFIDLGLRREKIGQLSTEMITHVLESFAGSYRITLHVDCLRGKNDHHRSESAFKALAVAIREATSPNGTNDVPSTKGVLM,0.9463,0.9453,0.7754558
MTEQKALVKRITNETKIQIAISLKGGPLALPQDFPEKEAEAVAAQATQSQVINVHTGIGFLDHMIHALAKHSGWSLIVECIGDLHVDDHHTTEDCGIALGQAFKEALGAVRGVKRFGSGFAPLDEALSRAVVDLSGRYCFIDLGLRREKIGDLSTEMITHVLESFGGTSRITLHVDCLRGKNDHHRSESAFKALAVAIREATSPNGTNDVPSTKGVLM,0.9465,0.9453,0.78355056
MTEQKALVKRITNETKIQIAISLKGGPLAPPQDFPEKEAEAVAAQATQSQVINVHTGIGFLDHMIHALAKHSGWSLIVECIGDLHIDDHHTTEDCGIALGQAFKEALGAVRGVKRFGSGFAPLDEALSRAVVDLSGRYCYIDLGLRREKIGELSTEMITHVLESFGGSARITLHVDCLRGKNDHHRSESAFKALAVAIREATSPNGTNDVPSTKGVLM,0.9443,0.9453,0.80561316
MTEQKALVKRITNETKIQIAISLKGGPLALPQDFPEKEAEAVAAQATQSQVINVHTGIGFLDHMIHALAKHSGWSLIVECIGDLHIDDHHTTEDCGIALGQAFKEALGAVRGVKRFGSGFAPLDEALSRAVVDLSGRYCFIDLGLRREKIGELSTEMITHVLESFSGSARITLHVDCLRGKNDHHRSESAFKALAVAIREATSPNGTNDVPSTKGVLM,0.947,0.9453,0.7956949
MTEQKALVKRITNETKIQIAISLKGGPLAPPQDFPEKEAEAVAAQATQSQVINVHTGIGFLDHMIHALAKHSGWSLIVECIGDLHIDDHHTTEDCGIALGQAFKEALGAVRGVKRFGSGFAPLDEALSRAVVDLSGRYCYIDLGLRREKVGMLSTEMVTHVLESFGSSGRITLHVDCLRGKNDHHRSESAFKALAVAIREATSPNGTNDVPSTKGVLM,0.9446,0.9492,0.738091
MTEQKALVKRITNETKIQIAISLKGGPLALPQDFPEKEAEAVAAQATQSQVINVHTGIGFLDHMIHALAKHSGWSLIVECIGDLHIDDHHTTEDCGIALGQAFKEALGAVRGVKRFGSGFAPLDEALSRAVVDLSGRYCFIDLGLRREKIGQLSTEMITHVLESFSGSGRITLHVDCLRGKNDHHRSESAFKALAVAIREATSPNGTNDVPSTKGVLM,0.9478,0.9453,0.7357277
MTEQKALVKRITNETKIQIAISLKGGPLAPPQDFPEKEAEAVAAQATQSQVINVHTGIGFLDHMIHALAKHSGWSLIVECIGDLHIDDHHTTEDCGIALGQAFKEALGAVRGVKRFGSGFAPLDEALSRAVVDLSGRYCYIDLGLRREKIGQLSTEMITHVLESFAASSRITLHVDCLRGKNDHHRSESAFKALAVAIREATSPNGTNDVPSTKGVLM,0.9411,0.9414,0.8200647
MTEQKALVKRITNETKIQIAISLKGGPLAIPQDFPEKEAEAVAAQATQSQVINVHTGIGFLDHMIHALAKHSGWSLIVECIGDLHIDDHHTTEDCGIALGQAFKEALGAVRGVKRFGSGFAPLDEALSRAVVDLSGRYCYIDLGLRREKIGQLSTEMITHVLESFSSSARITLHVDCLRGKNDHHRSESAFKALAVAIREATSPNGTNDVPSTKGVLM,0.9487,0.9453,0.8043106
MTEQKALVKRITNETKIQIAISLKGGPLATPQDFPEKEAEAVAAQATQSQVINVHTGIGFLDHMIHALAKHSGWSLIVECIGDLHIDDHHTTEDCGIALGQAFKEALGAVRGVKRFGSGFAPLDEALSRAVVDLSGRYCFIDLGLRREKIGHLSTEMITHVLESFASSGRITLHVDCLRGKNDHHRSESAFKALAVAIREATSPNGTNDVPSTKGVLM,0.941,0.9414,0.79585177
MTEQKALVKRITNETKIQIAISLKGGPLALPQDFPEKEAEAVAAQATQSQVINVHTGIGFLDHMIHALAKHSGWSLIVECIGDLHIDDHHTTEDCGIALGQAFKEALGAVRGVKRFGSGFAPLDEALSRAVVDLSGRYCYIDLGLRREKIGSLSTEMVTHVLESFGSSARITLHVDCLRGKNDHHRSESAFKALAVAIREATSPNGTNDVPSTKGVLM,0.9498,0.9492,0.7670198
MTEQKALVKRITNETKIQIAISLKGGPLALPQDFPEKEAEAVAAQATQSQVINVHTGIGFLDHMIHALAKHSGWSLIVECIGDLHIDDHHTTEDCGIALGQAFKEALGAVRGVKRFGSGFAPLDEALSRAVVDLSGRYCFIDLGLRREKIGQLSTEMITHVLESFAYSSRITLHVDCLRGKNDHHRSESAFKALAVAIREATSPNGTNDVPSTKGVLM,0.9458,0.9453,0.8311642
MTEQKALVKRITNETKIQIAISLKGGPLAPPQDFPEKEAEAVAAQATQSQVINVHTGIGFLDHMIHALAKHSGWSLIVECIGDLHIDDHHTTEDCGIALGQAFKEALGAVRGVKRFGSGFAPLDEALSRAVVDLSGRYCFIDLGLRREKIGHLSTEMITHVLESFGGASRITLHVDCLRGKNDHHRSESAFKALAVAIREATSPNGTNDVPSTKGVLM,0.9463,0.9492,0.7653709
MTEQKALVKRITNETKIQIAISLKGGPLAPPQDFPEKEAEAVAAQATQSQVINVHTGIGFLDHMIHALAKHSGWSLIVECIGDLHIDDHHTTEDCGIALGQAFKEALGAVRGVKRFGSGFAPLDEALSRAVVDLSGRYCFIDLGLRREKIGHLSTEMVTHVLESFYASSRITLHVDCLRGKNDHHRSESAFKALAVAIREATSPNGTNDVPSTKGVLM,0.9461,0.9492,0.7255035
MTEQKALVKRITNETKIQIAISLKGGPLALPQDFPEKEAEAVAAQATQSQVINVHTGIGFLDHMIHALAKHSGWSLIVECIGDLHIDDHHTTEDCGIALGQAFKEALGAVRGVKRFGSGFAPLDEALSRAVVDLSGRYCYIDLGLRREKIGQLSTEMITHVLESFAGSARITLHVDCLRGKNDHHRSESAFKALAVAIREATSPNGTNDVPSTKGVLM,0.9463,0.9453,0.8255349
MTEQKALVKRITNETKIQIAISLKGGPLALPQDFPEKEAEAVAAQATQSQVINVHTGIGFLDHMIHALAKHSGWSLIVECIGDLHIDDHHTTEDCGIALGQAFKEALGAVRGVKRFGSGFAPLDEALSRAVVDLSGRYCFIDLGLRRQKIGQLSTEMITHVLESFASSARITLHVDCLRGKNDHHRSESAFKALAVAIREATSPNGTNDVPSTKGVLM,0.9486,0.9492,0.74806345
MTEQKALVKRITNETKIQIAISLKGGPLAPPQDFPEKEAEAVAAQATQSQVINVHTGIGFLDHMIHALAKHSGWSLIVECIGDLHIDDHHTTEDCGIALGQAFKEALGAVRGVKRFGSGFAPLDEALSRAVVDLSGRYCFIDMGLRREKIGQLSTEMITHVLESFAHSSRITLHVDCLRGKNDHHRSESAFKALAVAIREATSPNGTNDVPSTKGVLM,0.9441,0.9453,0.80578417
MTEQKALVKRITNETKIQIAISLKGGPLAPPQDFPEKEAEAVAAQATQSQVINVHTGIGFLDHMIHALAKHSGWSLIVECIGDLHIDDHHTTEDCGIALGQAFKEALGAVRGVKRFGSGFAPLDEALSRAVVDLSGRYCYIDLGLRREKIGQLSTEMITHVLESFGGSARITLHVDCLRGKNDHHRSESAFKALAVAIREATSPNGTNDVPSTKGVLM,0.9461,0.9492,0.78976554
MTEQKALVKRITNETKIQIAISLKGGPLALPQDFPEKEAEAVAAQATQSQVINVHTGIGFLDHMIHALAKHSGWSLIVECIGDLHIDDHHTTEDCGIALGQAFKEALGAVRGVKRFGSGFAPLDEALSRAVVDLSGRYCHIDLGLRREKIGHLSTEMITHVLEAFAASARITLHVDCLRGKNDHHRSESAFKALAVAIREATSPNGTNDVPSTKGVLM,0.947,0.9453,0.6231882
MTEQKALVKRITNETKIQIAISLKGGPLAPPQDFPEKEAEAVAAQATQSQVINVHTGIGFLDHMIHALAKHSGWSLIVECIGDLHIDDHHTTEDCGIALGQAFKEALGAVRGVKRFGSGFAPLDEALSRAVVDLSGRYCFIDLGLRREKIGHLSTEMVTHVLESFASSSRITLHVDCLRGKNDHHRSESAFKALAVAIREATSPNGTNDVPSTKGVLM,0.9439,0.9453,0.8023743
MTEQKALVKRITNETKIQIAISLKGGPLALPQDFPEKEAEAVAAQATQSQVINVHTGIGFLDHMIHALAKHSGWSLIVECIGDLHIDDHHTTEDCGIALGQAFKEALGAVRGVKRFGSGFAPLDEALSRAVVDLSGRYCYIDLGLRREKIGHLSTEMITHVLESFAASARITLHVDCLRGKNDHHRSESAFKALAVAIREATSPNGTNDVPSTKGVLM,0.9475,0.9453,0.8143406
MTEQKALVKRITNETKIQIAISLKGGPLALPQDLPEKEAEAVAAQATQSQVINVHTGIGFLDHMIHALAKHSGWSLIVECIGDLHIDDHHTTEDCGIALGQAFKEALGAVRGVKRFGSGFAPLDEALSRAVVDLSGRYCFIGLGLRREKIGQLSTEMITHVLESFGGSGRITLHVDCLRGKNDHHRSESAFKALAVAIREATSPNGTNDVPSTKGVLM,0.9378,0.9492,0.68691415
VTEQKASIKRITNETKIQDALSLKGGPLAPPQDFPEKEAEAVAAQATQSQVINVHTGIGFLDHMIHALAKHSGWSLIVECIGDLHIDDHHTTEDCGIALGQAFKEALGAVRGVKRFGSGFAPLDEALSRAVVDLSGRYCYIDLGLRREKIGHLSTEMITHVLESFAGSARITLHVDCLRGKNDHHRSESAFKALAVAIREATSPNGTNDVPSTKGVLM,0.7737,0.8945,0.38327467
MTEQKALVKRITNETKIQIAISLKGGPLAPPQDFPEKEAEAVAAQATQSQVINVHTGIGFLDHMIHALAKHSGWSLIVECIGDLHIDDHHTTEDCGIALGQAFKEALGAVRGVKRFGSGFAPLDEALSRAVVDLSGRYCFIDLGLRREKIGNLSTEMVTHVLESFASSSRITLHVDCLRGKNDHHRSESAFKALAVAIREATSPNGTNDVPSTKGVLM,0.9421,0.9453,0.8008552
MTEQKALVKRITNETKIQIAISLKGGPLALPQDFPEKEAEAVAAQATQSQVINVHTGIGFLDHMIHALAKHSGWSLIVECIGDLHIDDHHTTEDCGIALGQAFKEALGAVRGVKRFGSGFAPLDEALSRAVVDLSGRYCYIDLGLRREKIGHLSTEMITHVLESFSSSARITLHVDCLRGKNDHHRSESAFKALAVAIREATSPNGTNDVPSTKGVLM,0.9495,0.9492,0.8000693
MTEQKALVKRITNETKIQIAISLKGGPLALPQDFPEKEAEAVAAQATQSQVINVHTGIGFLDHMIHALAKHSGWSLIVECIGDLHIDDHHTTEDCGIALGQAFKEALGAVRGVKRFGSGFAPLDEALSRAVVDLSGRYCYIDLGLQREKIGQLSTEMVTHVLESFAHSARITLHVDCLRGKNDHHRSESAFKALAVAIREATSPNGTNDVPSTKGVLM,0.9468,0.9453,0.7739499
